PDBID,MUTATION,CLUSTER_SIZE,COUNT
MBDLG,G2838E,3,1
MBDLG,G2838E,4,3
MBDLG,G2838E,5,4
MBDLG,G2838E,30,1
MBDLG,G2838E,39,1
MBDLG,G2838E,48,1
MBDLG,G2838E,422,1
MBDLG,G2842Q,3,2
MBDLG,G2842Q,4,1
MBDLG,G2842Q,5,1
MBDLG,G2842Q,30,1
MBDLG,G2842Q,39,1
MBDLG,G2842Q,54,1
MBDLG,G2842Q,438,1
MBDLG,G2842E,4,2
MBDLG,G2842E,30,2
MBDLG,G2842E,54,1
MBDLG,G2842E,461,1
MBDLG,G2838Q,4,1
MBDLG,G2838Q,30,2
MBDLG,G2838Q,54,1
MBDLG,G2838Q,453,1
MBDLG,G2841Y,3,5
MBDLG,G2841Y,4,2
MBDLG,G2841Y,5,4
MBDLG,G2841Y,30,1
MBDLG,G2841Y,39,1
MBDLG,G2841Y,54,1
MBDLG,G2841Y,421,1
MBDLG,G2841S,3,5
MBDLG,G2841S,4,1
MBDLG,G2841S,5,4
MBDLG,G2841S,30,1
MBDLG,G2841S,39,1
MBDLG,G2841S,54,1
MBDLG,G2841S,411,1
MBDLG,G2841G,3,6
MBDLG,G2841G,4,1
MBDLG,G2841G,5,2
MBDLG,G2841G,30,2
MBDLG,G2841G,54,1
MBDLG,G2841G,425,1
MBDLG,G2841M,3,5
MBDLG,G2841M,4,1
MBDLG,G2841M,5,5
MBDLG,G2841M,30,2
MBDLG,G2841M,54,1
MBDLG,G2841M,417,1
MBDLG,G2843R,3,13
MBDLG,G2843R,4,3
MBDLG,G2843R,5,22
MBDLG,G2843R,6,11
MBDLG,G2843R,13,1
MBDLG,G2843R,30,1
MBDLG,G2843R,63,1
MBDLG,G2843R,326,1
MBDLG,G2837H,3,14
MBDLG,G2837H,4,2
MBDLG,G2837H,5,41
MBDLG,G2837H,6,16
MBDLG,G2837H,13,1
MBDLG,G2837H,30,1
MBDLG,G2837H,63,1
MBDLG,G2837H,232,1
MBDLG,G2839F,3,5
MBDLG,G2839F,4,1
MBDLG,G2839F,6,4
MBDLG,G2839F,30,1
MBDLG,G2839F,436,1
MBDLG,G2843L,30,1
MBDLG,G2843L,508,1
MBDLG,G2839R,3,1
MBDLG,G2839R,4,2
MBDLG,G2839R,30,1
MBDLG,G2839R,39,1
MBDLG,G2839R,54,1
MBDLG,G2839R,470,1
MBDLG,G2837V,3,9
MBDLG,G2837V,4,1
MBDLG,G2837V,5,22
MBDLG,G2837V,6,10
MBDLG,G2837V,13,1
MBDLG,G2837V,63,1
MBDLG,G2837V,360,1
MBDLG,G2843F,2,1
MBDLG,G2843F,4,1
MBDLG,G2843F,30,2
MBDLG,G2843F,54,1
MBDLG,G2843F,472,1
MBDLG,G2840P,3,7
MBDLG,G2840P,4,1
MBDLG,G2840P,18,1
MBDLG,G2840P,30,2
MBDLG,G2840P,54,1
MBDLG,G2840P,426,1
MBDLG,G2840N,3,8
MBDLG,G2840N,4,1
MBDLG,G2840N,5,20
MBDLG,G2840N,6,11
MBDLG,G2840N,13,1
MBDLG,G2840N,63,1
MBDLG,G2840N,355,1
MBDLG,G2840D,3,8
MBDLG,G2840D,4,2
MBDLG,G2840D,6,2
MBDLG,G2840D,13,1
MBDLG,G2840D,30,1
MBDLG,G2840D,63,1
MBDLG,G2840D,415,1
MBDLG,G2840I,3,22
MBDLG,G2840I,4,1
MBDLG,G2840I,5,35
MBDLG,G2840I,6,14
MBDLG,G2840I,12,1
MBDLG,G2840I,17,1
MBDLG,G2840I,18,1
MBDLG,G2840I,30,2
MBDLG,G2840I,54,1
MBDLG,G2840I,227,1
MBDLG,G2840C,3,9
MBDLG,G2840C,4,2
MBDLG,G2840C,18,1
MBDLG,G2840C,30,2
MBDLG,G2840C,54,1
MBDLG,G2840C,408,1
MBDLG,G2840W,3,5
MBDLG,G2840W,4,1
MBDLG,G2840W,5,17
MBDLG,G2840W,6,8
MBDLG,G2840W,13,1
MBDLG,G2840W,63,1
MBDLG,G2840W,385,1
MBDLG,G2843K,2,1
MBDLG,G2843K,3,7
MBDLG,G2843K,4,1
MBDLG,G2843K,5,18
MBDLG,G2843K,6,12
MBDLG,G2843K,63,1
MBDLG,G2843K,375,1
MBDLG,G2837Q,3,3
MBDLG,G2837Q,13,1
MBDLG,G2837Q,63,1
MBDLG,G2837Q,501,1
MBDLG,G2843A,3,5
MBDLG,G2843A,4,1
MBDLG,G2843A,5,7
MBDLG,G2843A,6,3
MBDLG,G2843A,30,1
MBDLG,G2843A,407,1
MBDLG,G2839K,3,2
MBDLG,G2839K,4,1
MBDLG,G2839K,30,1
MBDLG,G2839K,39,1
MBDLG,G2839K,54,1
MBDLG,G2839K,441,1
MBDLG,G2837E,3,11
MBDLG,G2837E,4,3
MBDLG,G2837E,5,32
MBDLG,G2837E,6,16
MBDLG,G2837E,30,1
MBDLG,G2837E,63,1
MBDLG,G2837E,283,1
MBDLG,G2839A,3,4
MBDLG,G2839A,4,1
MBDLG,G2839A,30,2
MBDLG,G2839A,428,1
MBDLG,G2838V,18,1
MBDLG,G2838V,30,2
MBDLG,G2838V,38,1
MBDLG,G2838V,54,1
MBDLG,G2838V,429,1
MBDLG,G2842H,3,2
MBDLG,G2842H,4,1
MBDLG,G2842H,11,1
MBDLG,G2842H,30,2
MBDLG,G2842H,54,1
MBDLG,G2842V,3,3
MBDLG,G2842V,4,1
MBDLG,G2842V,5,2
MBDLG,G2842V,30,2
MBDLG,G2842V,54,1
MBDLG,G2842V,438,1
MBDLG,G2838H,3,5
MBDLG,G2838H,4,1
MBDLG,G2838H,6,4
MBDLG,G2838H,30,1
MBDLG,G2838H,63,1
MBDLG,G2838H,411,1
MBDLG,G2842L,3,2
MBDLG,G2842L,4,1
MBDLG,G2842L,5,7
MBDLG,G2842L,30,1
MBDLG,G2842L,39,1
MBDLG,G2842L,54,1
MBDLG,G2842L,426,1
MBDLG,G2838R,3,17
MBDLG,G2838R,4,2
MBDLG,G2838R,5,35
MBDLG,G2838R,6,14
MBDLG,G2838R,11,1
MBDLG,G2838R,17,1
MBDLG,G2838R,30,1
MBDLG,G2838R,39,1
MBDLG,G2838R,54,1
MBDLG,G2838R,242,1
MBDLG,G2842F,3,2
MBDLG,G2842F,4,1
MBDLG,G2842F,30,2
MBDLG,G2842F,54,1
MBDLG,G2842F,459,1
MBDLG,G2838L,3,1
MBDLG,G2838L,4,2
MBDLG,G2838L,5,2
MBDLG,G2838L,30,2
MBDLG,G2838L,54,1
MBDLG,G2838L,431,1
MBDLG,G2842R,3,1
MBDLG,G2842R,4,1
MBDLG,G2842R,6,1
MBDLG,G2842R,11,1
MBDLG,G2842R,469,1
MBDLG,G2838F,3,5
MBDLG,G2838F,4,1
MBDLG,G2838F,5,5
MBDLG,G2838F,30,2
MBDLG,G2838F,54,1
MBDLG,G2838F,415,1
MBDLG,G2841N,3,6
MBDLG,G2841N,4,1
MBDLG,G2841N,5,1
MBDLG,G2841N,30,2
MBDLG,G2841N,54,1
MBDLG,G2841N,435,1
MBDLG,G2841D,3,4
MBDLG,G2841D,4,2
MBDLG,G2841D,5,2
MBDLG,G2841D,30,2
MBDLG,G2841D,54,1
MBDLG,G2841D,430,1
MBDLG,G2841P,3,18
MBDLG,G2841P,5,39
MBDLG,G2841P,6,12
MBDLG,G2841P,12,1
MBDLG,G2841P,17,1
MBDLG,G2841P,18,1
MBDLG,G2841P,30,2
MBDLG,G2841P,45,1
MBDLG,G2841P,54,1
MBDLG,G2841P,177,1
MBDLG,G2843E,39,1
MBDLG,G2843E,54,1
MBDLG,G2843E,520,1
MBDLG,G2839Q,3,5
MBDLG,G2839Q,4,1
MBDLG,G2839Q,18,1
MBDLG,G2839Q,30,2
MBDLG,G2839Q,54,1
MBDLG,G2839Q,452,1
MBDLG,G2837K,4,1
MBDLG,G2837K,30,1
MBDLG,G2837K,54,1
MBDLG,G2837K,487,1
MBDLG,G2839E,3,4
MBDLG,G2839E,30,2
MBDLG,G2839E,38,1
MBDLG,G2839E,54,1
MBDLG,G2839E,424,1
MBDLG,G2843Q,4,1
MBDLG,G2843Q,30,1
MBDLG,G2843Q,39,1
MBDLG,G2843Q,54,1
MBDLG,G2843Q,438,1
MBDLG,G2837A,3,4
MBDLG,G2837A,4,2
MBDLG,G2837A,30,2
MBDLG,G2837A,54,1
MBDLG,G2837A,442,1
MBDLG,G2840G,3,19
MBDLG,G2840G,4,2
MBDLG,G2840G,5,34
MBDLG,G2840G,6,14
MBDLG,G2840G,30,2
MBDLG,G2840G,54,1
MBDLG,G2840G,262,1
MBDLG,G2840M,3,2
MBDLG,G2840M,4,1
MBDLG,G2840M,30,1
MBDLG,G2840M,39,1
MBDLG,G2840M,54,1
MBDLG,G2840M,446,1
MBDLG,G2840Y,3,3
MBDLG,G2840Y,17,1
MBDLG,G2840Y,30,2
MBDLG,G2840Y,38,1
MBDLG,G2840Y,54,1
MBDLG,G2840Y,432,1
MBDLG,G2840S,4,1
MBDLG,G2840S,39,1
MBDLG,G2840S,54,1
MBDLG,G2840S,473,1
MBDLG,G2840T,3,1
MBDLG,G2840T,4,1
MBDLG,G2840T,30,2
MBDLG,G2840T,54,1
MBDLG,G2840T,440,1
MBDLG,G2837L,3,11
MBDLG,G2837L,4,1
MBDLG,G2837L,5,27
MBDLG,G2837L,6,11
MBDLG,G2837L,13,1
MBDLG,G2837L,63,1
MBDLG,G2837L,344,1
MBDLG,G2839H,3,8
MBDLG,G2839H,4,2
MBDLG,G2839H,5,10
MBDLG,G2839H,6,4
MBDLG,G2839H,30,1
MBDLG,G2839H,383,1
MBDLG,G2837F,3,11
MBDLG,G2837F,4,1
MBDLG,G2837F,5,25
MBDLG,G2837F,6,13
MBDLG,G2837F,63,1
MBDLG,G2837F,354,1
MBDLG,G2837R,4,1
MBDLG,G2837R,11,1
MBDLG,G2837R,63,1
MBDLG,G2837R,531,1
MBDLG,G2839V,3,1
MBDLG,G2839V,6,2
MBDLG,G2839V,63,1
MBDLG,G2839V,479,1
MBDLG,G2843H,2,1
MBDLG,G2843H,3,1
MBDLG,G2843H,4,1
MBDLG,G2843H,30,1
MBDLG,G2843H,456,1
MBDLG,G2841W,3,6
MBDLG,G2841W,4,1
MBDLG,G2841W,5,1
MBDLG,G2841W,30,2
MBDLG,G2841W,54,1
MBDLG,G2841W,445,1
MBDLG,G2841I,3,2
MBDLG,G2841I,4,1
MBDLG,G2841I,5,9
MBDLG,G2841I,30,1
MBDLG,G2841I,39,1
MBDLG,G2841I,54,1
MBDLG,G2841I,405,1
MBDLG,G2841C,3,4
MBDLG,G2841C,4,1
MBDLG,G2841C,5,1
MBDLG,G2841C,30,2
MBDLG,G2841C,54,1
MBDLG,G2841C,432,1
MBDLG,G2838K,3,7
MBDLG,G2838K,4,1
MBDLG,G2838K,5,9
MBDLG,G2838K,6,1
MBDLG,G2838K,30,2
MBDLG,G2838K,54,1
MBDLG,G2838K,401,1
MBDLG,G2838A,3,8
MBDLG,G2838A,4,1
MBDLG,G2838A,5,1
MBDLG,G2838A,18,1
MBDLG,G2838A,30,2
MBDLG,G2838A,54,1
MBDLG,G2838A,406,1
MBDLG,G2842K,3,2
MBDLG,G2842K,4,1
MBDLG,G2842K,5,14
MBDLG,G2842K,6,2
MBDLG,G2842K,30,1
MBDLG,G2842K,54,1
MBDLG,G2842K,404,1
MBDLG,G2842A,3,5
MBDLG,G2842A,4,1
MBDLG,G2842A,6,1
MBDLG,G2842A,30,2
MBDLG,G2842A,419,1
MBDLG,G2841K,3,6
MBDLG,G2841K,4,1
MBDLG,G2841K,5,5
MBDLG,G2841K,30,2
MBDLG,G2841K,417,1
MBDLG,G2841A,3,2
MBDLG,G2841A,4,2
MBDLG,G2841A,5,9
MBDLG,G2841A,30,1
MBDLG,G2841A,39,1
MBDLG,G2841A,54,1
MBDLG,G2841A,396,1
MBDLG,G2842I,4,1
MBDLG,G2842I,30,2
MBDLG,G2842I,54,1
MBDLG,G2842I,463,1
MBDLG,G2838W,3,2
MBDLG,G2838W,18,1
MBDLG,G2838W,30,2
MBDLG,G2838W,45,1
MBDLG,G2838W,54,1
MBDLG,G2838W,415,1
MBDLG,G2842C,3,3
MBDLG,G2842C,4,1
MBDLG,G2842C,30,2
MBDLG,G2842C,54,1
MBDLG,G2842C,442,1
MBDLG,G2838I,518,1
MBDLG,G2842W,3,3
MBDLG,G2842W,4,1
MBDLG,G2842W,30,2
MBDLG,G2842W,456,1
MBDLG,G2838C,3,4
MBDLG,G2838C,4,2
MBDLG,G2838C,5,8
MBDLG,G2838C,30,1
MBDLG,G2838C,39,1
MBDLG,G2838C,54,1
MBDLG,G2838C,393,1
MBDLG,G2840H,30,1
MBDLG,G2840H,54,1
MBDLG,G2840H,544,1
MBDLG,G2837P,4,1
MBDLG,G2837P,5,2
MBDLG,G2837P,6,4
MBDLG,G2837P,13,1
MBDLG,G2837P,63,1
MBDLG,G2837P,444,1
MBDLG,G2839T,3,5
MBDLG,G2839T,4,1
MBDLG,G2839T,30,2
MBDLG,G2839T,54,1
MBDLG,G2839T,465,1
MBDLG,G2837N,3,16
MBDLG,G2837N,4,2
MBDLG,G2837N,5,43
MBDLG,G2837N,6,16
MBDLG,G2837N,13,1
MBDLG,G2837N,30,1
MBDLG,G2837N,63,1
MBDLG,G2837N,236,1
MBDLG,G2843T,3,6
MBDLG,G2843T,4,1
MBDLG,G2843T,30,2
MBDLG,G2843T,54,1
MBDLG,G2843T,443,1
MBDLG,G2837D,3,14
MBDLG,G2837D,4,2
MBDLG,G2837D,5,32
MBDLG,G2837D,6,16
MBDLG,G2837D,30,1
MBDLG,G2837D,63,1
MBDLG,G2837D,283,1
MBDLG,G2837I,3,12
MBDLG,G2837I,4,2
MBDLG,G2837I,5,39
MBDLG,G2837I,6,15
MBDLG,G2837I,30,1
MBDLG,G2837I,38,1
MBDLG,G2837I,63,1
MBDLG,G2837I,225,1
MBDLG,G2839G,3,3
MBDLG,G2839G,4,1
MBDLG,G2839G,30,2
MBDLG,G2839G,54,1
MBDLG,G2839G,445,1
MBDLG,G2843Y,3,5
MBDLG,G2843Y,4,1
MBDLG,G2843Y,30,2
MBDLG,G2843Y,54,1
MBDLG,G2843Y,450,1
MBDLG,G2843S,3,16
MBDLG,G2843S,4,1
MBDLG,G2843S,5,24
MBDLG,G2843S,6,11
MBDLG,G2843S,17,1
MBDLG,G2843S,18,1
MBDLG,G2843S,30,2
MBDLG,G2843S,54,1
MBDLG,G2843S,280,1
MBDLG,G2837C,30,1
MBDLG,G2837C,487,1
MBDLG,G2839M,3,3
MBDLG,G2839M,4,1
MBDLG,G2839M,30,1
MBDLG,G2839M,39,1
MBDLG,G2839M,54,1
MBDLG,G2839M,462,1
MBDLG,G2843G,3,4
MBDLG,G2843G,4,1
MBDLG,G2843G,5,2
MBDLG,G2843G,30,2
MBDLG,G2843G,54,1
MBDLG,G2843G,427,1
MBDLG,G2839Y,3,7
MBDLG,G2839Y,4,1
MBDLG,G2839Y,30,2
MBDLG,G2839Y,54,1
MBDLG,G2839Y,442,1
MBDLG,G2837W,3,5
MBDLG,G2837W,5,3
MBDLG,G2837W,6,3
MBDLG,G2837W,13,1
MBDLG,G2837W,527,1
MBDLG,G2839S,3,5
MBDLG,G2839S,4,1
MBDLG,G2839S,30,2
MBDLG,G2839S,54,1
MBDLG,G2839S,429,1
MBDLG,G2843M,3,1
MBDLG,G2843M,4,1
MBDLG,G2843M,6,4
MBDLG,G2843M,63,1
MBDLG,G2843M,486,1
MBDLG,G2840Q,30,1
MBDLG,G2840Q,524,1
MBDLG,G2840E,3,4
MBDLG,G2840E,4,2
MBDLG,G2840E,30,1
MBDLG,G2840E,39,1
MBDLG,G2840E,54,1
MBDLG,G2840E,441,1
MBDLG,G2838N,3,6
MBDLG,G2838N,4,1
MBDLG,G2838N,18,1
MBDLG,G2838N,30,2
MBDLG,G2838N,54,1
MBDLG,G2838N,446,1
MBDLG,G2842P,4,1
MBDLG,G2842P,30,1
MBDLG,G2842P,39,1
MBDLG,G2842P,54,1
MBDLG,G2842P,463,1
MBDLG,G2838D,3,2
MBDLG,G2838D,4,2
MBDLG,G2838D,30,2
MBDLG,G2838D,48,1
MBDLG,G2838D,435,1
MBDLG,G2842N,3,18
MBDLG,G2842N,4,2
MBDLG,G2842N,5,37
MBDLG,G2842N,6,16
MBDLG,G2842N,7,1
MBDLG,G2842N,30,2
MBDLG,G2842N,249,1
MBDLG,G2838P,3,8
MBDLG,G2838P,4,2
MBDLG,G2838P,5,18
MBDLG,G2838P,6,11
MBDLG,G2838P,13,1
MBDLG,G2838P,30,1
MBDLG,G2838P,320,1
MBDLG,G2842D,3,4
MBDLG,G2842D,4,1
MBDLG,G2842D,30,2
MBDLG,G2842D,54,1
MBDLG,G2842D,451,1
MBDLG,G2841R,3,9
MBDLG,G2841R,4,3
MBDLG,G2841R,5,12
MBDLG,G2841R,6,2
MBDLG,G2841R,11,1
MBDLG,G2841R,30,2
MBDLG,G2841R,54,1
MBDLG,G2841R,384,1
MBDLG,G2841L,3,4
MBDLG,G2841L,4,1
MBDLG,G2841L,5,8
MBDLG,G2841L,30,1
MBDLG,G2841L,39,1
MBDLG,G2841L,54,1
MBDLG,G2841L,408,1
MBDLG,G2841F,3,8
MBDLG,G2841F,4,1
MBDLG,G2841F,5,1
MBDLG,G2841F,18,1
MBDLG,G2841F,30,2
MBDLG,G2841F,54,1
MBDLG,G2841F,421,1
MBDLG,G2841V,3,8
MBDLG,G2841V,4,1
MBDLG,G2841V,5,7
MBDLG,G2841V,6,3
MBDLG,G2841V,12,1
MBDLG,G2841V,30,2
MBDLG,G2841V,54,1
MBDLG,G2841V,389,1
MBDLG,G2841H,3,6
MBDLG,G2841H,4,1
MBDLG,G2841H,18,1
MBDLG,G2841H,30,2
MBDLG,G2841H,54,1
MBDLG,G2841H,441,1
MBDLG,G2842T,3,2
MBDLG,G2842T,4,1
MBDLG,G2842T,5,1
MBDLG,G2842T,30,2
MBDLG,G2842T,54,1
MBDLG,G2842T,438,1
MBDLG,G2838T,3,2
MBDLG,G2838T,4,1
MBDLG,G2838T,5,2
MBDLG,G2838T,30,1
MBDLG,G2838T,39,1
MBDLG,G2838T,54,1
MBDLG,G2838T,422,1
MBDLG,G2840K,3,3
MBDLG,G2840K,4,1
MBDLG,G2840K,5,2
MBDLG,G2840K,6,1
MBDLG,G2840K,30,2
MBDLG,G2840K,54,1
MBDLG,G2840K,437,1
MBDLG,G2840A,3,17
MBDLG,G2840A,5,35
MBDLG,G2840A,6,11
MBDLG,G2840A,12,1
MBDLG,G2840A,17,1
MBDLG,G2840A,18,1
MBDLG,G2840A,30,2
MBDLG,G2840A,45,1
MBDLG,G2840A,54,1
MBDLG,G2840A,188,1
MBDLG,G2839I,3,3
MBDLG,G2839I,4,1
MBDLG,G2839I,30,2
MBDLG,G2839I,54,1
MBDLG,G2839I,461,1
MBDLG,G2837G,3,3
MBDLG,G2837G,4,2
MBDLG,G2837G,5,9
MBDLG,G2837G,30,1
MBDLG,G2837G,39,1
MBDLG,G2837G,54,1
MBDLG,G2837G,397,1
MBDLG,G2843W,2,1
MBDLG,G2843W,30,1
MBDLG,G2843W,63,1
MBDLG,G2843W,551,1
MBDLG,G2839C,3,4
MBDLG,G2839C,4,1
MBDLG,G2839C,18,1
MBDLG,G2839C,30,2
MBDLG,G2839C,54,1
MBDLG,G2839C,445,1
MBDLG,G2837M,3,8
MBDLG,G2837M,4,1
MBDLG,G2837M,5,16
MBDLG,G2837M,6,10
MBDLG,G2837M,13,1
MBDLG,G2837M,63,1
MBDLG,G2837M,380,1
MBDLG,G2843I,30,1
MBDLG,G2843I,544,1
MBDLG,G2837Y,3,12
MBDLG,G2837Y,4,1
MBDLG,G2837Y,5,25
MBDLG,G2837Y,6,11
MBDLG,G2837Y,13,1
MBDLG,G2837Y,63,1
MBDLG,G2837Y,351,1
MBDLG,G2839W,18,1
MBDLG,G2839W,30,1
MBDLG,G2839W,54,1
MBDLG,G2839W,563,1
MBDLG,G2843C,3,6
MBDLG,G2843C,4,1
MBDLG,G2843C,30,2
MBDLG,G2843C,54,1
MBDLG,G2843C,433,1
MBDLG,G2843N,3,6
MBDLG,G2843N,4,1
MBDLG,G2843N,5,5
MBDLG,G2843N,6,1
MBDLG,G2843N,30,2
MBDLG,G2843N,54,1
MBDLG,G2843N,409,1
MBDLG,G2839P,3,3
MBDLG,G2839P,18,1
MBDLG,G2839P,30,2
MBDLG,G2839P,45,1
MBDLG,G2839P,54,1
MBDLG,G2839P,431,1
MBDLG,G2837T,3,8
MBDLG,G2837T,4,1
MBDLG,G2837T,5,25
MBDLG,G2837T,6,14
MBDLG,G2837T,63,1
MBDLG,G2837T,344,1
MBDLG,G2843D,3,20
MBDLG,G2843D,4,3
MBDLG,G2843D,5,35
MBDLG,G2843D,6,14
MBDLG,G2843D,30,2
MBDLG,G2843D,256,1
MBDLG,G2839N,3,10
MBDLG,G2839N,4,1
MBDLG,G2839N,5,20
MBDLG,G2839N,6,4
MBDLG,G2839N,18,1
MBDLG,G2839N,30,2
MBDLG,G2839N,45,1
MBDLG,G2839N,54,1
MBDLG,G2839N,292,1
MBDLG,G2843P,4,1
MBDLG,G2843P,30,2
MBDLG,G2843P,54,1
MBDLG,G2843P,415,1
MBDLG,G2839D,3,3
MBDLG,G2839D,4,1
MBDLG,G2839D,30,1
MBDLG,G2839D,39,1
MBDLG,G2839D,54,1
MBDLG,G2839D,460,1
MBDLG,G2840L,3,2
MBDLG,G2840L,4,1
MBDLG,G2840L,30,1
MBDLG,G2840L,39,1
MBDLG,G2840L,54,1
MBDLG,G2840L,444,1
MBDLG,G2840F,30,1
MBDLG,G2840F,54,1
MBDLG,G2840F,521,1
MBDLG,G2840R,4,1
MBDLG,G2840R,11,1
MBDLG,G2840R,39,1
MBDLG,G2840R,54,1
MBDLG,G2840R,488,1
MBDLG,G2842G,3,1
MBDLG,G2842G,4,1
MBDLG,G2842G,30,1
MBDLG,G2842G,39,1
MBDLG,G2842G,54,1
MBDLG,G2842G,438,1
MBDLG,G2838S,3,6
MBDLG,G2838S,18,1
MBDLG,G2838S,30,2
MBDLG,G2838S,45,1
MBDLG,G2838S,54,1
MBDLG,G2838S,425,1
MBDLG,G2842M,3,3
MBDLG,G2842M,4,1
MBDLG,G2842M,18,1
MBDLG,G2842M,30,2
MBDLG,G2842M,54,1
MBDLG,G2842M,458,1
MBDLG,G2838G,3,2
MBDLG,G2838G,15,1
MBDLG,G2838G,18,1
MBDLG,G2838G,30,1
MBDLG,G2838G,45,1
MBDLG,G2838G,54,1
MBDLG,G2838G,433,1
MBDLG,G2842Y,3,2
MBDLG,G2842Y,4,1
MBDLG,G2842Y,30,2
MBDLG,G2842Y,54,1
MBDLG,G2838M,3,4
MBDLG,G2838M,4,2
MBDLG,G2838M,5,3
MBDLG,G2838M,30,2
MBDLG,G2838M,54,1
MBDLG,G2838M,425,1
MBDLG,G2841E,3,3
MBDLG,G2841E,4,1
MBDLG,G2841E,30,2
MBDLG,G2841E,451,1
MBDLG,G2841Q,3,3
MBDLG,G2841Q,4,1
MBDLG,G2841Q,30,2
MBDLG,G2841Q,54,1
MBDLG,G2841Q,461,1
