PDBID,MUTATION,CONSTRAINT,COUNT
3RL7,G2841K,HBOND,54
3RL7,G2841K,SINGLECOVBOND,1298
3RL7,G2841K,DOUBLECOVBOND,94
3RL7,G2841K,TRIPLECOVBOND,0
3RL7,G2841K,AROMATICBOND,0
3RL7,G2841K,HYDROPHOBICTETHER,85
3RL7,G2841K,SALTBRIDGE,0
3RL7,G2841K,IONICBOND,0
3RL7,G2841K,DISULFIDEBOND,0
3RL7,G2841K,USERDEFINEDBOND,0
3RL7,G2841K,CONECTRECORD,0
3RL7,G2841K,RBOND,95
3RL7,G2841K,UNKNOWN,0
3RL7,G2841K,UNKNOWN,0
3RL7,G2841K,UNKNOWN,0
3RL7,G2841A,HBOND,54
3RL7,G2841A,SINGLECOVBOND,1286
3RL7,G2841A,DOUBLECOVBOND,94
3RL7,G2841A,TRIPLECOVBOND,0
3RL7,G2841A,AROMATICBOND,0
3RL7,G2841A,HYDROPHOBICTETHER,73
3RL7,G2841A,SALTBRIDGE,0
3RL7,G2841A,IONICBOND,0
3RL7,G2841A,DISULFIDEBOND,0
3RL7,G2841A,USERDEFINEDBOND,0
3RL7,G2841A,CONECTRECORD,0
3RL7,G2841A,RBOND,95
3RL7,G2841A,UNKNOWN,0
3RL7,G2841A,UNKNOWN,0
3RL7,G2841A,UNKNOWN,0
3RL7,G2838W,HBOND,55
3RL7,G2838W,SINGLECOVBOND,1289
3RL7,G2838W,DOUBLECOVBOND,98
3RL7,G2838W,TRIPLECOVBOND,0
3RL7,G2838W,AROMATICBOND,0
3RL7,G2838W,HYDROPHOBICTETHER,94
3RL7,G2838W,SALTBRIDGE,0
3RL7,G2838W,IONICBOND,0
3RL7,G2838W,DISULFIDEBOND,0
3RL7,G2838W,USERDEFINEDBOND,0
3RL7,G2838W,CONECTRECORD,0
3RL7,G2838W,RBOND,95
3RL7,G2838W,UNKNOWN,0
3RL7,G2838W,UNKNOWN,0
3RL7,G2838W,UNKNOWN,0
3RL7,G2842I,HBOND,56
3RL7,G2842I,SINGLECOVBOND,1298
3RL7,G2842I,DOUBLECOVBOND,94
3RL7,G2842I,TRIPLECOVBOND,0
3RL7,G2842I,AROMATICBOND,0
3RL7,G2842I,HYDROPHOBICTETHER,81
3RL7,G2842I,SALTBRIDGE,0
3RL7,G2842I,IONICBOND,0
3RL7,G2842I,DISULFIDEBOND,0
3RL7,G2842I,USERDEFINEDBOND,0
3RL7,G2842I,CONECTRECORD,0
3RL7,G2842I,RBOND,95
3RL7,G2842I,UNKNOWN,0
3RL7,G2842I,UNKNOWN,0
3RL7,G2842I,UNKNOWN,0
3RL7,G2842C,HBOND,54
3RL7,G2842C,SINGLECOVBOND,1290
3RL7,G2842C,DOUBLECOVBOND,94
3RL7,G2842C,TRIPLECOVBOND,0
3RL7,G2842C,AROMATICBOND,0
3RL7,G2842C,HYDROPHOBICTETHER,72
3RL7,G2842C,SALTBRIDGE,0
3RL7,G2842C,IONICBOND,0
3RL7,G2842C,DISULFIDEBOND,0
3RL7,G2842C,USERDEFINEDBOND,0
3RL7,G2842C,CONECTRECORD,0
3RL7,G2842C,RBOND,95
3RL7,G2842C,UNKNOWN,0
3RL7,G2842C,UNKNOWN,0
3RL7,G2842C,UNKNOWN,0
3RL7,G2842W,HBOND,55
3RL7,G2842W,SINGLECOVBOND,1295
3RL7,G2842W,DOUBLECOVBOND,104
3RL7,G2842W,TRIPLECOVBOND,0
3RL7,G2842W,AROMATICBOND,0
3RL7,G2842W,HYDROPHOBICTETHER,91
3RL7,G2842W,SALTBRIDGE,0
3RL7,G2842W,IONICBOND,0
3RL7,G2842W,DISULFIDEBOND,0
3RL7,G2842W,USERDEFINEDBOND,0
3RL7,G2842W,CONECTRECORD,0
3RL7,G2842W,RBOND,95
3RL7,G2842W,UNKNOWN,0
3RL7,G2842W,UNKNOWN,0
3RL7,G2842W,UNKNOWN,0
3RL7,G2838I,HBOND,55
3RL7,G2838I,SINGLECOVBOND,1293
3RL7,G2838I,DOUBLECOVBOND,88
3RL7,G2838I,TRIPLECOVBOND,0
3RL7,G2838I,AROMATICBOND,0
3RL7,G2838I,HYDROPHOBICTETHER,80
3RL7,G2838I,SALTBRIDGE,0
3RL7,G2838I,IONICBOND,0
3RL7,G2838I,DISULFIDEBOND,0
3RL7,G2838I,USERDEFINEDBOND,0
3RL7,G2838I,CONECTRECORD,0
3RL7,G2838I,RBOND,95
3RL7,G2838I,UNKNOWN,0
3RL7,G2838I,UNKNOWN,0
3RL7,G2838I,UNKNOWN,0
3RL7,G2838C,HBOND,54
3RL7,G2838C,SINGLECOVBOND,1285
3RL7,G2838C,DOUBLECOVBOND,88
3RL7,G2838C,TRIPLECOVBOND,0
3RL7,G2838C,AROMATICBOND,0
3RL7,G2838C,HYDROPHOBICTETHER,79
3RL7,G2838C,SALTBRIDGE,0
3RL7,G2838C,IONICBOND,0
3RL7,G2838C,DISULFIDEBOND,0
3RL7,G2838C,USERDEFINEDBOND,0
3RL7,G2838C,CONECTRECORD,0
3RL7,G2838C,RBOND,95
3RL7,G2838C,UNKNOWN,0
3RL7,G2838C,UNKNOWN,0
3RL7,G2838C,UNKNOWN,0
3RL7,G2840H,HBOND,53
3RL7,G2840H,SINGLECOVBOND,1285
3RL7,G2840H,DOUBLECOVBOND,100
3RL7,G2840H,TRIPLECOVBOND,0
3RL7,G2840H,AROMATICBOND,0
3RL7,G2840H,HYDROPHOBICTETHER,76
3RL7,G2840H,SALTBRIDGE,0
3RL7,G2840H,IONICBOND,0
3RL7,G2840H,DISULFIDEBOND,0
3RL7,G2840H,USERDEFINEDBOND,0
3RL7,G2840H,CONECTRECORD,0
3RL7,G2840H,RBOND,95
3RL7,G2840H,UNKNOWN,0
3RL7,G2840H,UNKNOWN,0
3RL7,G2840H,UNKNOWN,0
3RL7,G2837P,HBOND,54
3RL7,G2837P,SINGLECOVBOND,1294
3RL7,G2837P,DOUBLECOVBOND,95
3RL7,G2837P,TRIPLECOVBOND,0
3RL7,G2837P,AROMATICBOND,0
3RL7,G2837P,HYDROPHOBICTETHER,82
3RL7,G2837P,SALTBRIDGE,0
3RL7,G2837P,IONICBOND,0
3RL7,G2837P,DISULFIDEBOND,0
3RL7,G2837P,USERDEFINEDBOND,0
3RL7,G2837P,CONECTRECORD,0
3RL7,G2837P,RBOND,95
3RL7,G2837P,UNKNOWN,0
3RL7,G2837P,UNKNOWN,0
3RL7,G2837P,UNKNOWN,0
3RL7,G2839T,HBOND,59
3RL7,G2839T,SINGLECOVBOND,1284
3RL7,G2839T,DOUBLECOVBOND,94
3RL7,G2839T,TRIPLECOVBOND,0
3RL7,G2839T,AROMATICBOND,0
3RL7,G2839T,HYDROPHOBICTETHER,72
3RL7,G2839T,SALTBRIDGE,0
3RL7,G2839T,IONICBOND,0
3RL7,G2839T,DISULFIDEBOND,0
3RL7,G2839T,USERDEFINEDBOND,0
3RL7,G2839T,CONECTRECORD,0
3RL7,G2839T,RBOND,95
3RL7,G2839T,UNKNOWN,0
3RL7,G2839T,UNKNOWN,0
3RL7,G2839T,UNKNOWN,0
3RL7,G2837N,HBOND,53
3RL7,G2837N,SINGLECOVBOND,1291
3RL7,G2837N,DOUBLECOVBOND,96
3RL7,G2837N,TRIPLECOVBOND,0
3RL7,G2837N,AROMATICBOND,0
3RL7,G2837N,HYDROPHOBICTETHER,75
3RL7,G2837N,SALTBRIDGE,0
3RL7,G2837N,IONICBOND,0
3RL7,G2837N,DISULFIDEBOND,0
3RL7,G2837N,USERDEFINEDBOND,0
3RL7,G2837N,CONECTRECORD,0
3RL7,G2837N,RBOND,95
3RL7,G2837N,UNKNOWN,0
3RL7,G2837N,UNKNOWN,0
3RL7,G2837N,UNKNOWN,0
3RL7,G2837D,HBOND,55
3RL7,G2837D,SINGLECOVBOND,1290
3RL7,G2837D,DOUBLECOVBOND,95
3RL7,G2837D,TRIPLECOVBOND,0
3RL7,G2837D,AROMATICBOND,0
3RL7,G2837D,HYDROPHOBICTETHER,82
3RL7,G2837D,SALTBRIDGE,0
3RL7,G2837D,IONICBOND,0
3RL7,G2837D,DISULFIDEBOND,0
3RL7,G2837D,USERDEFINEDBOND,0
3RL7,G2837D,CONECTRECORD,0
3RL7,G2837D,RBOND,95
3RL7,G2837D,UNKNOWN,0
3RL7,G2837D,UNKNOWN,0
3RL7,G2837D,UNKNOWN,0
3RL7,G2843T,HBOND,58
3RL7,G2843T,SINGLECOVBOND,1288
3RL7,G2843T,DOUBLECOVBOND,94
3RL7,G2843T,TRIPLECOVBOND,0
3RL7,G2843T,AROMATICBOND,0
3RL7,G2843T,HYDROPHOBICTETHER,80
3RL7,G2843T,SALTBRIDGE,0
3RL7,G2843T,IONICBOND,0
3RL7,G2843T,DISULFIDEBOND,0
3RL7,G2843T,USERDEFINEDBOND,0
3RL7,G2843T,CONECTRECORD,0
3RL7,G2843T,RBOND,95
3RL7,G2843T,UNKNOWN,0
3RL7,G2843T,UNKNOWN,0
3RL7,G2843T,UNKNOWN,0
3RL7,G2843Y,HBOND,53
3RL7,G2843Y,SINGLECOVBOND,1290
3RL7,G2843Y,DOUBLECOVBOND,100
3RL7,G2843Y,TRIPLECOVBOND,0
3RL7,G2843Y,AROMATICBOND,0
3RL7,G2843Y,HYDROPHOBICTETHER,81
3RL7,G2843Y,SALTBRIDGE,0
3RL7,G2843Y,IONICBOND,0
3RL7,G2843Y,DISULFIDEBOND,0
3RL7,G2843Y,USERDEFINEDBOND,0
3RL7,G2843Y,CONECTRECORD,0
3RL7,G2843Y,RBOND,95
3RL7,G2843Y,UNKNOWN,0
3RL7,G2843Y,UNKNOWN,0
3RL7,G2843Y,UNKNOWN,0
3RL7,G2837I,HBOND,53
3RL7,G2837I,SINGLECOVBOND,1298
3RL7,G2837I,DOUBLECOVBOND,94
3RL7,G2837I,TRIPLECOVBOND,0
3RL7,G2837I,AROMATICBOND,0
3RL7,G2837I,HYDROPHOBICTETHER,75
3RL7,G2837I,SALTBRIDGE,0
3RL7,G2837I,IONICBOND,0
3RL7,G2837I,DISULFIDEBOND,0
3RL7,G2837I,USERDEFINEDBOND,0
3RL7,G2837I,CONECTRECORD,0
3RL7,G2837I,RBOND,95
3RL7,G2837I,UNKNOWN,0
3RL7,G2837I,UNKNOWN,0
3RL7,G2837I,UNKNOWN,0
3RL7,G2839G,HBOND,55
3RL7,G2839G,SINGLECOVBOND,1278
3RL7,G2839G,DOUBLECOVBOND,94
3RL7,G2839G,TRIPLECOVBOND,0
3RL7,G2839G,AROMATICBOND,0
3RL7,G2839G,HYDROPHOBICTETHER,81
3RL7,G2839G,SALTBRIDGE,0
3RL7,G2839G,IONICBOND,0
3RL7,G2839G,DISULFIDEBOND,0
3RL7,G2839G,USERDEFINEDBOND,0
3RL7,G2839G,CONECTRECORD,0
3RL7,G2839G,RBOND,95
3RL7,G2839G,UNKNOWN,0
3RL7,G2839G,UNKNOWN,0
3RL7,G2839G,UNKNOWN,0
3RL7,G2837C,HBOND,54
3RL7,G2837C,SINGLECOVBOND,1290
3RL7,G2837C,DOUBLECOVBOND,94
3RL7,G2837C,TRIPLECOVBOND,0
3RL7,G2837C,AROMATICBOND,0
3RL7,G2837C,HYDROPHOBICTETHER,73
3RL7,G2837C,SALTBRIDGE,0
3RL7,G2837C,IONICBOND,0
3RL7,G2837C,DISULFIDEBOND,0
3RL7,G2837C,USERDEFINEDBOND,0
3RL7,G2837C,CONECTRECORD,0
3RL7,G2837C,RBOND,95
3RL7,G2837C,UNKNOWN,0
3RL7,G2837C,UNKNOWN,0
3RL7,G2837C,UNKNOWN,0
3RL7,G2839M,HBOND,55
3RL7,G2839M,SINGLECOVBOND,1288
3RL7,G2839M,DOUBLECOVBOND,94
3RL7,G2839M,TRIPLECOVBOND,0
3RL7,G2839M,AROMATICBOND,0
3RL7,G2839M,HYDROPHOBICTETHER,78
3RL7,G2839M,SALTBRIDGE,0
3RL7,G2839M,IONICBOND,0
3RL7,G2839M,DISULFIDEBOND,0
3RL7,G2839M,USERDEFINEDBOND,0
3RL7,G2839M,CONECTRECORD,0
3RL7,G2839M,RBOND,95
3RL7,G2839M,UNKNOWN,0
3RL7,G2839M,UNKNOWN,0
3RL7,G2839M,UNKNOWN,0
3RL7,G2843S,HBOND,54
3RL7,G2843S,SINGLECOVBOND,1285
3RL7,G2843S,DOUBLECOVBOND,94
3RL7,G2843S,TRIPLECOVBOND,0
3RL7,G2843S,AROMATICBOND,0
3RL7,G2843S,HYDROPHOBICTETHER,71
3RL7,G2843S,SALTBRIDGE,0
3RL7,G2843S,IONICBOND,0
3RL7,G2843S,DISULFIDEBOND,0
3RL7,G2843S,USERDEFINEDBOND,0
3RL7,G2843S,CONECTRECORD,0
3RL7,G2843S,RBOND,95
3RL7,G2843S,UNKNOWN,0
3RL7,G2843S,UNKNOWN,0
3RL7,G2843S,UNKNOWN,0
3RL7,G2839Y,HBOND,58
3RL7,G2839Y,SINGLECOVBOND,1286
3RL7,G2839Y,DOUBLECOVBOND,100
3RL7,G2839Y,TRIPLECOVBOND,0
3RL7,G2839Y,AROMATICBOND,0
3RL7,G2839Y,HYDROPHOBICTETHER,82
3RL7,G2839Y,SALTBRIDGE,0
3RL7,G2839Y,IONICBOND,0
3RL7,G2839Y,DISULFIDEBOND,0
3RL7,G2839Y,USERDEFINEDBOND,0
3RL7,G2839Y,CONECTRECORD,0
3RL7,G2839Y,RBOND,95
3RL7,G2839Y,UNKNOWN,0
3RL7,G2839Y,UNKNOWN,0
3RL7,G2839Y,UNKNOWN,0
3RL7,G2837W,HBOND,57
3RL7,G2837W,SINGLECOVBOND,1295
3RL7,G2837W,DOUBLECOVBOND,104
3RL7,G2837W,TRIPLECOVBOND,0
3RL7,G2837W,AROMATICBOND,0
3RL7,G2837W,HYDROPHOBICTETHER,114
3RL7,G2837W,SALTBRIDGE,0
3RL7,G2837W,IONICBOND,0
3RL7,G2837W,DISULFIDEBOND,0
3RL7,G2837W,USERDEFINEDBOND,0
3RL7,G2837W,CONECTRECORD,0
3RL7,G2837W,RBOND,95
3RL7,G2837W,UNKNOWN,0
3RL7,G2837W,UNKNOWN,0
3RL7,G2837W,UNKNOWN,0
3RL7,G2843G,HBOND,55
3RL7,G2843G,SINGLECOVBOND,1281
3RL7,G2843G,DOUBLECOVBOND,94
3RL7,G2843G,TRIPLECOVBOND,0
3RL7,G2843G,AROMATICBOND,0
3RL7,G2843G,HYDROPHOBICTETHER,70
3RL7,G2843G,SALTBRIDGE,0
3RL7,G2843G,IONICBOND,0
3RL7,G2843G,DISULFIDEBOND,0
3RL7,G2843G,USERDEFINEDBOND,0
3RL7,G2843G,CONECTRECORD,0
3RL7,G2843G,RBOND,95
3RL7,G2843G,UNKNOWN,0
3RL7,G2843G,UNKNOWN,0
3RL7,G2843G,UNKNOWN,0
3RL7,G2843M,HBOND,55
3RL7,G2843M,SINGLECOVBOND,1291
3RL7,G2843M,DOUBLECOVBOND,94
3RL7,G2843M,TRIPLECOVBOND,0
3RL7,G2843M,AROMATICBOND,0
3RL7,G2843M,HYDROPHOBICTETHER,76
3RL7,G2843M,SALTBRIDGE,0
3RL7,G2843M,IONICBOND,0
3RL7,G2843M,DISULFIDEBOND,0
3RL7,G2843M,USERDEFINEDBOND,0
3RL7,G2843M,CONECTRECORD,0
3RL7,G2843M,RBOND,95
3RL7,G2843M,UNKNOWN,0
3RL7,G2843M,UNKNOWN,0
3RL7,G2843M,UNKNOWN,0
3RL7,G2839S,HBOND,56
3RL7,G2839S,SINGLECOVBOND,1282
3RL7,G2839S,DOUBLECOVBOND,94
3RL7,G2839S,TRIPLECOVBOND,0
3RL7,G2839S,AROMATICBOND,0
3RL7,G2839S,HYDROPHOBICTETHER,82
3RL7,G2839S,SALTBRIDGE,0
3RL7,G2839S,IONICBOND,0
3RL7,G2839S,DISULFIDEBOND,0
3RL7,G2839S,USERDEFINEDBOND,0
3RL7,G2839S,CONECTRECORD,0
3RL7,G2839S,RBOND,95
3RL7,G2839S,UNKNOWN,0
3RL7,G2839S,UNKNOWN,0
3RL7,G2839S,UNKNOWN,0
3RL7,G2840Q,HBOND,58
3RL7,G2840Q,SINGLECOVBOND,1289
3RL7,G2840Q,DOUBLECOVBOND,96
3RL7,G2840Q,TRIPLECOVBOND,0
3RL7,G2840Q,AROMATICBOND,0
3RL7,G2840Q,HYDROPHOBICTETHER,75
3RL7,G2840Q,SALTBRIDGE,0
3RL7,G2840Q,IONICBOND,0
3RL7,G2840Q,DISULFIDEBOND,0
3RL7,G2840Q,USERDEFINEDBOND,0
3RL7,G2840Q,CONECTRECORD,0
3RL7,G2840Q,RBOND,95
3RL7,G2840Q,UNKNOWN,0
3RL7,G2840Q,UNKNOWN,0
3RL7,G2840Q,UNKNOWN,0
3RL7,G2840E,HBOND,53
3RL7,G2840E,SINGLECOVBOND,1288
3RL7,G2840E,DOUBLECOVBOND,95
3RL7,G2840E,TRIPLECOVBOND,0
3RL7,G2840E,AROMATICBOND,0
3RL7,G2840E,HYDROPHOBICTETHER,77
3RL7,G2840E,SALTBRIDGE,0
3RL7,G2840E,IONICBOND,0
3RL7,G2840E,DISULFIDEBOND,0
3RL7,G2840E,USERDEFINEDBOND,0
3RL7,G2840E,CONECTRECORD,0
3RL7,G2840E,RBOND,95
3RL7,G2840E,UNKNOWN,0
3RL7,G2840E,UNKNOWN,0
3RL7,G2840E,UNKNOWN,0
3RL7,G2842P,HBOND,56
3RL7,G2842P,SINGLECOVBOND,1293
3RL7,G2842P,DOUBLECOVBOND,95
3RL7,G2842P,TRIPLECOVBOND,0
3RL7,G2842P,AROMATICBOND,0
3RL7,G2842P,HYDROPHOBICTETHER,85
3RL7,G2842P,SALTBRIDGE,0
3RL7,G2842P,IONICBOND,0
3RL7,G2842P,DISULFIDEBOND,0
3RL7,G2842P,USERDEFINEDBOND,0
3RL7,G2842P,CONECTRECORD,0
3RL7,G2842P,RBOND,95
3RL7,G2842P,UNKNOWN,0
3RL7,G2842P,UNKNOWN,0
3RL7,G2842P,UNKNOWN,0
3RL7,G2838N,HBOND,54
3RL7,G2838N,SINGLECOVBOND,1286
3RL7,G2838N,DOUBLECOVBOND,90
3RL7,G2838N,TRIPLECOVBOND,0
3RL7,G2838N,AROMATICBOND,0
3RL7,G2838N,HYDROPHOBICTETHER,74
3RL7,G2838N,SALTBRIDGE,0
3RL7,G2838N,IONICBOND,0
3RL7,G2838N,DISULFIDEBOND,0
3RL7,G2838N,USERDEFINEDBOND,0
3RL7,G2838N,CONECTRECORD,0
3RL7,G2838N,RBOND,95
3RL7,G2838N,UNKNOWN,0
3RL7,G2838N,UNKNOWN,0
3RL7,G2838N,UNKNOWN,0
3RL7,G2838D,HBOND,53
3RL7,G2838D,SINGLECOVBOND,1285
3RL7,G2838D,DOUBLECOVBOND,89
3RL7,G2838D,TRIPLECOVBOND,0
3RL7,G2838D,AROMATICBOND,0
3RL7,G2838D,HYDROPHOBICTETHER,74
3RL7,G2838D,SALTBRIDGE,0
3RL7,G2838D,IONICBOND,0
3RL7,G2838D,DISULFIDEBOND,0
3RL7,G2838D,USERDEFINEDBOND,0
3RL7,G2838D,CONECTRECORD,0
3RL7,G2838D,RBOND,95
3RL7,G2838D,UNKNOWN,0
3RL7,G2838D,UNKNOWN,0
3RL7,G2838D,UNKNOWN,0
3RL7,G2838P,HBOND,57
3RL7,G2838P,SINGLECOVBOND,1288
3RL7,G2838P,DOUBLECOVBOND,89
3RL7,G2838P,TRIPLECOVBOND,0
3RL7,G2838P,AROMATICBOND,0
3RL7,G2838P,HYDROPHOBICTETHER,80
3RL7,G2838P,SALTBRIDGE,0
3RL7,G2838P,IONICBOND,0
3RL7,G2838P,DISULFIDEBOND,0
3RL7,G2838P,USERDEFINEDBOND,0
3RL7,G2838P,CONECTRECORD,0
3RL7,G2838P,RBOND,95
3RL7,G2838P,UNKNOWN,0
3RL7,G2838P,UNKNOWN,0
3RL7,G2838P,UNKNOWN,0
3RL7,G2842N,HBOND,57
3RL7,G2842N,SINGLECOVBOND,1291
3RL7,G2842N,DOUBLECOVBOND,96
3RL7,G2842N,TRIPLECOVBOND,0
3RL7,G2842N,AROMATICBOND,0
3RL7,G2842N,HYDROPHOBICTETHER,72
3RL7,G2842N,SALTBRIDGE,0
3RL7,G2842N,IONICBOND,0
3RL7,G2842N,DISULFIDEBOND,0
3RL7,G2842N,USERDEFINEDBOND,0
3RL7,G2842N,CONECTRECORD,0
3RL7,G2842N,RBOND,95
3RL7,G2842N,UNKNOWN,0
3RL7,G2842N,UNKNOWN,0
3RL7,G2842N,UNKNOWN,0
3RL7,G2842D,HBOND,55
3RL7,G2842D,SINGLECOVBOND,1290
3RL7,G2842D,DOUBLECOVBOND,95
3RL7,G2842D,TRIPLECOVBOND,0
3RL7,G2842D,AROMATICBOND,0
3RL7,G2842D,HYDROPHOBICTETHER,88
3RL7,G2842D,SALTBRIDGE,0
3RL7,G2842D,IONICBOND,0
3RL7,G2842D,DISULFIDEBOND,0
3RL7,G2842D,USERDEFINEDBOND,0
3RL7,G2842D,CONECTRECORD,0
3RL7,G2842D,RBOND,95
3RL7,G2842D,UNKNOWN,0
3RL7,G2842D,UNKNOWN,0
3RL7,G2842D,UNKNOWN,0
3RL7,G2841R,HBOND,56
3RL7,G2841R,SINGLECOVBOND,1297
3RL7,G2841R,DOUBLECOVBOND,97
3RL7,G2841R,TRIPLECOVBOND,0
3RL7,G2841R,AROMATICBOND,0
3RL7,G2841R,HYDROPHOBICTETHER,80
3RL7,G2841R,SALTBRIDGE,0
3RL7,G2841R,IONICBOND,0
3RL7,G2841R,DISULFIDEBOND,0
3RL7,G2841R,USERDEFINEDBOND,0
3RL7,G2841R,CONECTRECORD,0
3RL7,G2841R,RBOND,95
3RL7,G2841R,UNKNOWN,0
3RL7,G2841R,UNKNOWN,0
3RL7,G2841R,UNKNOWN,0
3RL7,G2841L,HBOND,54
3RL7,G2841L,SINGLECOVBOND,1295
3RL7,G2841L,DOUBLECOVBOND,94
3RL7,G2841L,TRIPLECOVBOND,0
3RL7,G2841L,AROMATICBOND,0
3RL7,G2841L,HYDROPHOBICTETHER,76
3RL7,G2841L,SALTBRIDGE,0
3RL7,G2841L,IONICBOND,0
3RL7,G2841L,DISULFIDEBOND,0
3RL7,G2841L,USERDEFINEDBOND,0
3RL7,G2841L,CONECTRECORD,0
3RL7,G2841L,RBOND,95
3RL7,G2841L,UNKNOWN,0
3RL7,G2841L,UNKNOWN,0
3RL7,G2841L,UNKNOWN,0
3RL7,G2841F,HBOND,54
3RL7,G2841F,SINGLECOVBOND,1291
3RL7,G2841F,DOUBLECOVBOND,100
3RL7,G2841F,TRIPLECOVBOND,0
3RL7,G2841F,AROMATICBOND,0
3RL7,G2841F,HYDROPHOBICTETHER,74
3RL7,G2841F,SALTBRIDGE,0
3RL7,G2841F,IONICBOND,0
3RL7,G2841F,DISULFIDEBOND,0
3RL7,G2841F,USERDEFINEDBOND,0
3RL7,G2841F,CONECTRECORD,0
3RL7,G2841F,RBOND,95
3RL7,G2841F,UNKNOWN,0
3RL7,G2841F,UNKNOWN,0
3RL7,G2841F,UNKNOWN,0
3RL7,G2841V,HBOND,54
3RL7,G2841V,SINGLECOVBOND,1292
3RL7,G2841V,DOUBLECOVBOND,94
3RL7,G2841V,TRIPLECOVBOND,0
3RL7,G2841V,AROMATICBOND,0
3RL7,G2841V,HYDROPHOBICTETHER,78
3RL7,G2841V,SALTBRIDGE,0
3RL7,G2841V,IONICBOND,0
3RL7,G2841V,DISULFIDEBOND,0
3RL7,G2841V,USERDEFINEDBOND,0
3RL7,G2841V,CONECTRECORD,0
3RL7,G2841V,RBOND,95
3RL7,G2841V,UNKNOWN,0
3RL7,G2841V,UNKNOWN,0
3RL7,G2841V,UNKNOWN,0
3RL7,G2841H,HBOND,56
3RL7,G2841H,SINGLECOVBOND,1287
3RL7,G2841H,DOUBLECOVBOND,100
3RL7,G2841H,TRIPLECOVBOND,0
3RL7,G2841H,AROMATICBOND,0
3RL7,G2841H,HYDROPHOBICTETHER,79
3RL7,G2841H,SALTBRIDGE,0
3RL7,G2841H,IONICBOND,0
3RL7,G2841H,DISULFIDEBOND,0
3RL7,G2841H,USERDEFINEDBOND,0
3RL7,G2841H,CONECTRECORD,0
3RL7,G2841H,RBOND,95
3RL7,G2841H,UNKNOWN,0
3RL7,G2841H,UNKNOWN,0
3RL7,G2841H,UNKNOWN,0
3RL7,G2842T,HBOND,54
3RL7,G2842T,SINGLECOVBOND,1293
3RL7,G2842T,DOUBLECOVBOND,94
3RL7,G2842T,TRIPLECOVBOND,0
3RL7,G2842T,AROMATICBOND,0
3RL7,G2842T,HYDROPHOBICTETHER,81
3RL7,G2842T,SALTBRIDGE,0
3RL7,G2842T,IONICBOND,0
3RL7,G2842T,DISULFIDEBOND,0
3RL7,G2842T,USERDEFINEDBOND,0
3RL7,G2842T,CONECTRECORD,0
3RL7,G2842T,RBOND,95
3RL7,G2842T,UNKNOWN,0
3RL7,G2842T,UNKNOWN,0
3RL7,G2842T,UNKNOWN,0
3RL7,G2838T,HBOND,55
3RL7,G2838T,SINGLECOVBOND,1288
3RL7,G2838T,DOUBLECOVBOND,88
3RL7,G2838T,TRIPLECOVBOND,0
3RL7,G2838T,AROMATICBOND,0
3RL7,G2838T,HYDROPHOBICTETHER,79
3RL7,G2838T,SALTBRIDGE,0
3RL7,G2838T,IONICBOND,0
3RL7,G2838T,DISULFIDEBOND,0
3RL7,G2838T,USERDEFINEDBOND,0
3RL7,G2838T,CONECTRECORD,0
3RL7,G2838T,RBOND,95
3RL7,G2838T,UNKNOWN,0
3RL7,G2838T,UNKNOWN,0
3RL7,G2838T,UNKNOWN,0
3RL7,G2840K,HBOND,55
3RL7,G2840K,SINGLECOVBOND,1296
3RL7,G2840K,DOUBLECOVBOND,94
3RL7,G2840K,TRIPLECOVBOND,0
3RL7,G2840K,AROMATICBOND,0
3RL7,G2840K,HYDROPHOBICTETHER,80
3RL7,G2840K,SALTBRIDGE,0
3RL7,G2840K,IONICBOND,0
3RL7,G2840K,DISULFIDEBOND,0
3RL7,G2840K,USERDEFINEDBOND,0
3RL7,G2840K,CONECTRECORD,0
3RL7,G2840K,RBOND,95
3RL7,G2840K,UNKNOWN,0
3RL7,G2840K,UNKNOWN,0
3RL7,G2840K,UNKNOWN,0
3RL7,G2840A,HBOND,58
3RL7,G2840A,SINGLECOVBOND,1284
3RL7,G2840A,DOUBLECOVBOND,94
3RL7,G2840A,TRIPLECOVBOND,0
3RL7,G2840A,AROMATICBOND,0
3RL7,G2840A,HYDROPHOBICTETHER,70
3RL7,G2840A,SALTBRIDGE,0
3RL7,G2840A,IONICBOND,0
3RL7,G2840A,DISULFIDEBOND,0
3RL7,G2840A,USERDEFINEDBOND,0
3RL7,G2840A,CONECTRECORD,0
3RL7,G2840A,RBOND,95
3RL7,G2840A,UNKNOWN,0
3RL7,G2840A,UNKNOWN,0
3RL7,G2840A,UNKNOWN,0
3RL7,G2843W,HBOND,54
3RL7,G2843W,SINGLECOVBOND,1290
3RL7,G2843W,DOUBLECOVBOND,104
3RL7,G2843W,TRIPLECOVBOND,0
3RL7,G2843W,AROMATICBOND,0
3RL7,G2843W,HYDROPHOBICTETHER,80
3RL7,G2843W,SALTBRIDGE,0
3RL7,G2843W,IONICBOND,0
3RL7,G2843W,DISULFIDEBOND,0
3RL7,G2843W,USERDEFINEDBOND,0
3RL7,G2843W,CONECTRECORD,0
3RL7,G2843W,RBOND,95
3RL7,G2843W,UNKNOWN,0
3RL7,G2843W,UNKNOWN,0
3RL7,G2843W,UNKNOWN,0
3RL7,G2839I,HBOND,56
3RL7,G2839I,SINGLECOVBOND,1290
3RL7,G2839I,DOUBLECOVBOND,94
3RL7,G2839I,TRIPLECOVBOND,0
3RL7,G2839I,AROMATICBOND,0
3RL7,G2839I,HYDROPHOBICTETHER,73
3RL7,G2839I,SALTBRIDGE,0
3RL7,G2839I,IONICBOND,0
3RL7,G2839I,DISULFIDEBOND,0
3RL7,G2839I,USERDEFINEDBOND,0
3RL7,G2839I,CONECTRECORD,0
3RL7,G2839I,RBOND,95
3RL7,G2839I,UNKNOWN,0
3RL7,G2839I,UNKNOWN,0
3RL7,G2839I,UNKNOWN,0
3RL7,G2837G,HBOND,55
3RL7,G2837G,SINGLECOVBOND,1286
3RL7,G2837G,DOUBLECOVBOND,94
3RL7,G2837G,TRIPLECOVBOND,0
3RL7,G2837G,AROMATICBOND,0
3RL7,G2837G,HYDROPHOBICTETHER,76
3RL7,G2837G,SALTBRIDGE,0
3RL7,G2837G,IONICBOND,0
3RL7,G2837G,DISULFIDEBOND,0
3RL7,G2837G,USERDEFINEDBOND,0
3RL7,G2837G,CONECTRECORD,0
3RL7,G2837G,RBOND,95
3RL7,G2837G,UNKNOWN,0
3RL7,G2837G,UNKNOWN,0
3RL7,G2837G,UNKNOWN,0
3RL7,G2839C,HBOND,55
3RL7,G2839C,SINGLECOVBOND,1282
3RL7,G2839C,DOUBLECOVBOND,94
3RL7,G2839C,TRIPLECOVBOND,0
3RL7,G2839C,AROMATICBOND,0
3RL7,G2839C,HYDROPHOBICTETHER,84
3RL7,G2839C,SALTBRIDGE,0
3RL7,G2839C,IONICBOND,0
3RL7,G2839C,DISULFIDEBOND,0
3RL7,G2839C,USERDEFINEDBOND,0
3RL7,G2839C,CONECTRECORD,0
3RL7,G2839C,RBOND,95
3RL7,G2839C,UNKNOWN,0
3RL7,G2839C,UNKNOWN,0
3RL7,G2839C,UNKNOWN,0
3RL7,G2837M,HBOND,53
3RL7,G2837M,SINGLECOVBOND,1296
3RL7,G2837M,DOUBLECOVBOND,94
3RL7,G2837M,TRIPLECOVBOND,0
3RL7,G2837M,AROMATICBOND,0
3RL7,G2837M,HYDROPHOBICTETHER,94
3RL7,G2837M,SALTBRIDGE,0
3RL7,G2837M,IONICBOND,0
3RL7,G2837M,DISULFIDEBOND,0
3RL7,G2837M,USERDEFINEDBOND,0
3RL7,G2837M,CONECTRECORD,0
3RL7,G2837M,RBOND,95
3RL7,G2837M,UNKNOWN,0
3RL7,G2837M,UNKNOWN,0
3RL7,G2837M,UNKNOWN,0
3RL7,G2837Y,HBOND,57
3RL7,G2837Y,SINGLECOVBOND,1295
3RL7,G2837Y,DOUBLECOVBOND,100
3RL7,G2837Y,TRIPLECOVBOND,0
3RL7,G2837Y,AROMATICBOND,0
3RL7,G2837Y,HYDROPHOBICTETHER,80
3RL7,G2837Y,SALTBRIDGE,0
3RL7,G2837Y,IONICBOND,0
3RL7,G2837Y,DISULFIDEBOND,0
3RL7,G2837Y,USERDEFINEDBOND,0
3RL7,G2837Y,CONECTRECORD,0
3RL7,G2837Y,RBOND,95
3RL7,G2837Y,UNKNOWN,0
3RL7,G2837Y,UNKNOWN,0
3RL7,G2837Y,UNKNOWN,0
3RL7,G2839W,HBOND,54
3RL7,G2839W,SINGLECOVBOND,1287
3RL7,G2839W,DOUBLECOVBOND,104
3RL7,G2839W,TRIPLECOVBOND,0
3RL7,G2839W,AROMATICBOND,0
3RL7,G2839W,HYDROPHOBICTETHER,78
3RL7,G2839W,SALTBRIDGE,0
3RL7,G2839W,IONICBOND,0
3RL7,G2839W,DISULFIDEBOND,0
3RL7,G2839W,USERDEFINEDBOND,0
3RL7,G2839W,CONECTRECORD,0
3RL7,G2839W,RBOND,95
3RL7,G2839W,UNKNOWN,0
3RL7,G2839W,UNKNOWN,0
3RL7,G2839W,UNKNOWN,0
3RL7,G2843I,HBOND,57
3RL7,G2843I,SINGLECOVBOND,1293
3RL7,G2843I,DOUBLECOVBOND,94
3RL7,G2843I,TRIPLECOVBOND,0
3RL7,G2843I,AROMATICBOND,0
3RL7,G2843I,HYDROPHOBICTETHER,80
3RL7,G2843I,SALTBRIDGE,0
3RL7,G2843I,IONICBOND,0
3RL7,G2843I,DISULFIDEBOND,0
3RL7,G2843I,USERDEFINEDBOND,0
3RL7,G2843I,CONECTRECORD,0
3RL7,G2843I,RBOND,95
3RL7,G2843I,UNKNOWN,0
3RL7,G2843I,UNKNOWN,0
3RL7,G2843I,UNKNOWN,0
3RL7,G2843C,HBOND,54
3RL7,G2843C,SINGLECOVBOND,1285
3RL7,G2843C,DOUBLECOVBOND,94
3RL7,G2843C,TRIPLECOVBOND,0
3RL7,G2843C,AROMATICBOND,0
3RL7,G2843C,HYDROPHOBICTETHER,79
3RL7,G2843C,SALTBRIDGE,0
3RL7,G2843C,IONICBOND,0
3RL7,G2843C,DISULFIDEBOND,0
3RL7,G2843C,USERDEFINEDBOND,0
3RL7,G2843C,CONECTRECORD,0
3RL7,G2843C,RBOND,95
3RL7,G2843C,UNKNOWN,0
3RL7,G2843C,UNKNOWN,0
3RL7,G2843C,UNKNOWN,0
3RL7,G2839P,HBOND,52
3RL7,G2839P,SINGLECOVBOND,1285
3RL7,G2839P,DOUBLECOVBOND,95
3RL7,G2839P,TRIPLECOVBOND,0
3RL7,G2839P,AROMATICBOND,0
3RL7,G2839P,HYDROPHOBICTETHER,85
3RL7,G2839P,SALTBRIDGE,0
3RL7,G2839P,IONICBOND,0
3RL7,G2839P,DISULFIDEBOND,0
3RL7,G2839P,USERDEFINEDBOND,0
3RL7,G2839P,CONECTRECORD,0
3RL7,G2839P,RBOND,95
3RL7,G2839P,UNKNOWN,0
3RL7,G2839P,UNKNOWN,0
3RL7,G2839P,UNKNOWN,0
3RL7,G2843N,HBOND,54
3RL7,G2843N,SINGLECOVBOND,1286
3RL7,G2843N,DOUBLECOVBOND,96
3RL7,G2843N,TRIPLECOVBOND,0
3RL7,G2843N,AROMATICBOND,0
3RL7,G2843N,HYDROPHOBICTETHER,78
3RL7,G2843N,SALTBRIDGE,0
3RL7,G2843N,IONICBOND,0
3RL7,G2843N,DISULFIDEBOND,0
3RL7,G2843N,USERDEFINEDBOND,0
3RL7,G2843N,CONECTRECORD,0
3RL7,G2843N,RBOND,95
3RL7,G2843N,UNKNOWN,0
3RL7,G2843N,UNKNOWN,0
3RL7,G2843N,UNKNOWN,0
3RL7,G2843D,HBOND,55
3RL7,G2843D,SINGLECOVBOND,1285
3RL7,G2843D,DOUBLECOVBOND,95
3RL7,G2843D,TRIPLECOVBOND,0
3RL7,G2843D,AROMATICBOND,0
3RL7,G2843D,HYDROPHOBICTETHER,72
3RL7,G2843D,SALTBRIDGE,0
3RL7,G2843D,IONICBOND,0
3RL7,G2843D,DISULFIDEBOND,0
3RL7,G2843D,USERDEFINEDBOND,0
3RL7,G2843D,CONECTRECORD,0
3RL7,G2843D,RBOND,95
3RL7,G2843D,UNKNOWN,0
3RL7,G2843D,UNKNOWN,0
3RL7,G2843D,UNKNOWN,0
3RL7,G2837T,HBOND,54
3RL7,G2837T,SINGLECOVBOND,1293
3RL7,G2837T,DOUBLECOVBOND,94
3RL7,G2837T,TRIPLECOVBOND,0
3RL7,G2837T,AROMATICBOND,0
3RL7,G2837T,HYDROPHOBICTETHER,74
3RL7,G2837T,SALTBRIDGE,0
3RL7,G2837T,IONICBOND,0
3RL7,G2837T,DISULFIDEBOND,0
3RL7,G2837T,USERDEFINEDBOND,0
3RL7,G2837T,CONECTRECORD,0
3RL7,G2837T,RBOND,95
3RL7,G2837T,UNKNOWN,0
3RL7,G2837T,UNKNOWN,0
3RL7,G2837T,UNKNOWN,0
3RL7,G2843P,HBOND,54
3RL7,G2843P,SINGLECOVBOND,1288
3RL7,G2843P,DOUBLECOVBOND,95
3RL7,G2843P,TRIPLECOVBOND,0
3RL7,G2843P,AROMATICBOND,0
3RL7,G2843P,HYDROPHOBICTETHER,81
3RL7,G2843P,SALTBRIDGE,0
3RL7,G2843P,IONICBOND,0
3RL7,G2843P,DISULFIDEBOND,0
3RL7,G2843P,USERDEFINEDBOND,0
3RL7,G2843P,CONECTRECORD,0
3RL7,G2843P,RBOND,95
3RL7,G2843P,UNKNOWN,0
3RL7,G2843P,UNKNOWN,0
3RL7,G2843P,UNKNOWN,0
3RL7,G2839N,HBOND,53
3RL7,G2839N,SINGLECOVBOND,1283
3RL7,G2839N,DOUBLECOVBOND,96
3RL7,G2839N,TRIPLECOVBOND,0
3RL7,G2839N,AROMATICBOND,0
3RL7,G2839N,HYDROPHOBICTETHER,78
3RL7,G2839N,SALTBRIDGE,0
3RL7,G2839N,IONICBOND,0
3RL7,G2839N,DISULFIDEBOND,0
3RL7,G2839N,USERDEFINEDBOND,0
3RL7,G2839N,CONECTRECORD,0
3RL7,G2839N,RBOND,95
3RL7,G2839N,UNKNOWN,0
3RL7,G2839N,UNKNOWN,0
3RL7,G2839N,UNKNOWN,0
3RL7,G2839D,HBOND,57
3RL7,G2839D,SINGLECOVBOND,1282
3RL7,G2839D,DOUBLECOVBOND,95
3RL7,G2839D,TRIPLECOVBOND,0
3RL7,G2839D,AROMATICBOND,0
3RL7,G2839D,HYDROPHOBICTETHER,71
3RL7,G2839D,SALTBRIDGE,0
3RL7,G2839D,IONICBOND,0
3RL7,G2839D,DISULFIDEBOND,0
3RL7,G2839D,USERDEFINEDBOND,0
3RL7,G2839D,CONECTRECORD,0
3RL7,G2839D,RBOND,95
3RL7,G2839D,UNKNOWN,0
3RL7,G2839D,UNKNOWN,0
3RL7,G2839D,UNKNOWN,0
3RL7,G2840L,HBOND,55
3RL7,G2840L,SINGLECOVBOND,1293
3RL7,G2840L,DOUBLECOVBOND,94
3RL7,G2840L,TRIPLECOVBOND,0
3RL7,G2840L,AROMATICBOND,0
3RL7,G2840L,HYDROPHOBICTETHER,90
3RL7,G2840L,SALTBRIDGE,0
3RL7,G2840L,IONICBOND,0
3RL7,G2840L,DISULFIDEBOND,0
3RL7,G2840L,USERDEFINEDBOND,0
3RL7,G2840L,CONECTRECORD,0
3RL7,G2840L,RBOND,95
3RL7,G2840L,UNKNOWN,0
3RL7,G2840L,UNKNOWN,0
3RL7,G2840L,UNKNOWN,0
3RL7,G2840F,HBOND,55
3RL7,G2840F,SINGLECOVBOND,1289
3RL7,G2840F,DOUBLECOVBOND,100
3RL7,G2840F,TRIPLECOVBOND,0
3RL7,G2840F,AROMATICBOND,0
3RL7,G2840F,HYDROPHOBICTETHER,86
3RL7,G2840F,SALTBRIDGE,0
3RL7,G2840F,IONICBOND,0
3RL7,G2840F,DISULFIDEBOND,0
3RL7,G2840F,USERDEFINEDBOND,0
3RL7,G2840F,CONECTRECORD,0
3RL7,G2840F,RBOND,95
3RL7,G2840F,UNKNOWN,0
3RL7,G2840F,UNKNOWN,0
3RL7,G2840F,UNKNOWN,0
3RL7,G2840R,HBOND,60
3RL7,G2840R,SINGLECOVBOND,1294
3RL7,G2840R,DOUBLECOVBOND,97
3RL7,G2840R,TRIPLECOVBOND,0
3RL7,G2840R,AROMATICBOND,0
3RL7,G2840R,HYDROPHOBICTETHER,69
3RL7,G2840R,SALTBRIDGE,0
3RL7,G2840R,IONICBOND,0
3RL7,G2840R,DISULFIDEBOND,0
3RL7,G2840R,USERDEFINEDBOND,0
3RL7,G2840R,CONECTRECORD,0
3RL7,G2840R,RBOND,95
3RL7,G2840R,UNKNOWN,0
3RL7,G2840R,UNKNOWN,0
3RL7,G2840R,UNKNOWN,0
3RL7,G2842G,HBOND,55
3RL7,G2842G,SINGLECOVBOND,1286
3RL7,G2842G,DOUBLECOVBOND,94
3RL7,G2842G,TRIPLECOVBOND,0
3RL7,G2842G,AROMATICBOND,0
3RL7,G2842G,HYDROPHOBICTETHER,83
3RL7,G2842G,SALTBRIDGE,0
3RL7,G2842G,IONICBOND,0
3RL7,G2842G,DISULFIDEBOND,0
3RL7,G2842G,USERDEFINEDBOND,0
3RL7,G2842G,CONECTRECORD,0
3RL7,G2842G,RBOND,95
3RL7,G2842G,UNKNOWN,0
3RL7,G2842G,UNKNOWN,0
3RL7,G2842G,UNKNOWN,0
3RL7,G2842M,HBOND,55
3RL7,G2842M,SINGLECOVBOND,1296
3RL7,G2842M,DOUBLECOVBOND,94
3RL7,G2842M,TRIPLECOVBOND,0
3RL7,G2842M,AROMATICBOND,0
3RL7,G2842M,HYDROPHOBICTETHER,85
3RL7,G2842M,SALTBRIDGE,0
3RL7,G2842M,IONICBOND,0
3RL7,G2842M,DISULFIDEBOND,0
3RL7,G2842M,USERDEFINEDBOND,0
3RL7,G2842M,CONECTRECORD,0
3RL7,G2842M,RBOND,95
3RL7,G2842M,UNKNOWN,0
3RL7,G2842M,UNKNOWN,0
3RL7,G2842M,UNKNOWN,0
3RL7,G2838S,HBOND,58
3RL7,G2838S,SINGLECOVBOND,1285
3RL7,G2838S,DOUBLECOVBOND,88
3RL7,G2838S,TRIPLECOVBOND,0
3RL7,G2838S,AROMATICBOND,0
3RL7,G2838S,HYDROPHOBICTETHER,77
3RL7,G2838S,SALTBRIDGE,0
3RL7,G2838S,IONICBOND,0
3RL7,G2838S,DISULFIDEBOND,0
3RL7,G2838S,USERDEFINEDBOND,0
3RL7,G2838S,CONECTRECORD,0
3RL7,G2838S,RBOND,95
3RL7,G2838S,UNKNOWN,0
3RL7,G2838S,UNKNOWN,0
3RL7,G2838S,UNKNOWN,0
3RL7,G2842Y,HBOND,54
3RL7,G2842Y,SINGLECOVBOND,1295
3RL7,G2842Y,DOUBLECOVBOND,100
3RL7,G2842Y,TRIPLECOVBOND,0
3RL7,G2842Y,AROMATICBOND,0
3RL7,G2842Y,HYDROPHOBICTETHER,76
3RL7,G2842Y,SALTBRIDGE,0
3RL7,G2842Y,IONICBOND,0
3RL7,G2842Y,DISULFIDEBOND,0
3RL7,G2842Y,USERDEFINEDBOND,0
3RL7,G2842Y,CONECTRECORD,0
3RL7,G2842Y,RBOND,95
3RL7,G2842Y,UNKNOWN,0
3RL7,G2842Y,UNKNOWN,0
3RL7,G2842Y,UNKNOWN,0
3RL7,G2838G,HBOND,59
3RL7,G2838G,SINGLECOVBOND,1281
3RL7,G2838G,DOUBLECOVBOND,88
3RL7,G2838G,TRIPLECOVBOND,0
3RL7,G2838G,AROMATICBOND,0
3RL7,G2838G,HYDROPHOBICTETHER,74
3RL7,G2838G,SALTBRIDGE,0
3RL7,G2838G,IONICBOND,0
3RL7,G2838G,DISULFIDEBOND,0
3RL7,G2838G,USERDEFINEDBOND,0
3RL7,G2838G,CONECTRECORD,0
3RL7,G2838G,RBOND,95
3RL7,G2838G,UNKNOWN,0
3RL7,G2838G,UNKNOWN,0
3RL7,G2838G,UNKNOWN,0
3RL7,G2838M,HBOND,57
3RL7,G2838M,SINGLECOVBOND,1291
3RL7,G2838M,DOUBLECOVBOND,88
3RL7,G2838M,TRIPLECOVBOND,0
3RL7,G2838M,AROMATICBOND,0
3RL7,G2838M,HYDROPHOBICTETHER,76
3RL7,G2838M,SALTBRIDGE,0
3RL7,G2838M,IONICBOND,0
3RL7,G2838M,DISULFIDEBOND,0
3RL7,G2838M,USERDEFINEDBOND,0
3RL7,G2838M,CONECTRECORD,0
3RL7,G2838M,RBOND,95
3RL7,G2838M,UNKNOWN,0
3RL7,G2838M,UNKNOWN,0
3RL7,G2838M,UNKNOWN,0
3RL7,G2841E,HBOND,56
3RL7,G2841E,SINGLECOVBOND,1290
3RL7,G2841E,DOUBLECOVBOND,95
3RL7,G2841E,TRIPLECOVBOND,0
3RL7,G2841E,AROMATICBOND,0
3RL7,G2841E,HYDROPHOBICTETHER,83
3RL7,G2841E,SALTBRIDGE,0
3RL7,G2841E,IONICBOND,0
3RL7,G2841E,DISULFIDEBOND,0
3RL7,G2841E,USERDEFINEDBOND,0
3RL7,G2841E,CONECTRECORD,0
3RL7,G2841E,RBOND,95
3RL7,G2841E,UNKNOWN,0
3RL7,G2841E,UNKNOWN,0
3RL7,G2841E,UNKNOWN,0
3RL7,G2841Q,HBOND,53
3RL7,G2841Q,SINGLECOVBOND,1291
3RL7,G2841Q,DOUBLECOVBOND,96
3RL7,G2841Q,TRIPLECOVBOND,0
3RL7,G2841Q,AROMATICBOND,0
3RL7,G2841Q,HYDROPHOBICTETHER,86
3RL7,G2841Q,SALTBRIDGE,0
3RL7,G2841Q,IONICBOND,0
3RL7,G2841Q,DISULFIDEBOND,0
3RL7,G2841Q,USERDEFINEDBOND,0
3RL7,G2841Q,CONECTRECORD,0
3RL7,G2841Q,RBOND,95
3RL7,G2841Q,UNKNOWN,0
3RL7,G2841Q,UNKNOWN,0
3RL7,G2841Q,UNKNOWN,0
3RL7,G2838E,HBOND,56
3RL7,G2838E,SINGLECOVBOND,1288
3RL7,G2838E,DOUBLECOVBOND,89
3RL7,G2838E,TRIPLECOVBOND,0
3RL7,G2838E,AROMATICBOND,0
3RL7,G2838E,HYDROPHOBICTETHER,77
3RL7,G2838E,SALTBRIDGE,0
3RL7,G2838E,IONICBOND,0
3RL7,G2838E,DISULFIDEBOND,0
3RL7,G2838E,USERDEFINEDBOND,0
3RL7,G2838E,CONECTRECORD,0
3RL7,G2838E,RBOND,95
3RL7,G2838E,UNKNOWN,0
3RL7,G2838E,UNKNOWN,0
3RL7,G2838E,UNKNOWN,0
3RL7,G2842Q,HBOND,57
3RL7,G2842Q,SINGLECOVBOND,1294
3RL7,G2842Q,DOUBLECOVBOND,96
3RL7,G2842Q,TRIPLECOVBOND,0
3RL7,G2842Q,AROMATICBOND,0
3RL7,G2842Q,HYDROPHOBICTETHER,79
3RL7,G2842Q,SALTBRIDGE,0
3RL7,G2842Q,IONICBOND,0
3RL7,G2842Q,DISULFIDEBOND,0
3RL7,G2842Q,USERDEFINEDBOND,0
3RL7,G2842Q,CONECTRECORD,0
3RL7,G2842Q,RBOND,95
3RL7,G2842Q,UNKNOWN,0
3RL7,G2842Q,UNKNOWN,0
3RL7,G2842Q,UNKNOWN,0
3RL7,G2842E,HBOND,56
3RL7,G2842E,SINGLECOVBOND,1293
3RL7,G2842E,DOUBLECOVBOND,95
3RL7,G2842E,TRIPLECOVBOND,0
3RL7,G2842E,AROMATICBOND,0
3RL7,G2842E,HYDROPHOBICTETHER,79
3RL7,G2842E,SALTBRIDGE,0
3RL7,G2842E,IONICBOND,0
3RL7,G2842E,DISULFIDEBOND,0
3RL7,G2842E,USERDEFINEDBOND,0
3RL7,G2842E,CONECTRECORD,0
3RL7,G2842E,RBOND,95
3RL7,G2842E,UNKNOWN,0
3RL7,G2842E,UNKNOWN,0
3RL7,G2842E,UNKNOWN,0
3RL7,G2838Q,HBOND,54
3RL7,G2838Q,SINGLECOVBOND,1289
3RL7,G2838Q,DOUBLECOVBOND,90
3RL7,G2838Q,TRIPLECOVBOND,0
3RL7,G2838Q,AROMATICBOND,0
3RL7,G2838Q,HYDROPHOBICTETHER,74
3RL7,G2838Q,SALTBRIDGE,0
3RL7,G2838Q,IONICBOND,0
3RL7,G2838Q,DISULFIDEBOND,0
3RL7,G2838Q,USERDEFINEDBOND,0
3RL7,G2838Q,CONECTRECORD,0
3RL7,G2838Q,RBOND,95
3RL7,G2838Q,UNKNOWN,0
3RL7,G2838Q,UNKNOWN,0
3RL7,G2838Q,UNKNOWN,0
3RL7,G2841Y,HBOND,52
3RL7,G2841Y,SINGLECOVBOND,1292
3RL7,G2841Y,DOUBLECOVBOND,100
3RL7,G2841Y,TRIPLECOVBOND,0
3RL7,G2841Y,AROMATICBOND,0
3RL7,G2841Y,HYDROPHOBICTETHER,83
3RL7,G2841Y,SALTBRIDGE,0
3RL7,G2841Y,IONICBOND,0
3RL7,G2841Y,DISULFIDEBOND,0
3RL7,G2841Y,USERDEFINEDBOND,0
3RL7,G2841Y,CONECTRECORD,0
3RL7,G2841Y,RBOND,95
3RL7,G2841Y,UNKNOWN,0
3RL7,G2841Y,UNKNOWN,0
3RL7,G2841Y,UNKNOWN,0
3RL7,G2841S,HBOND,54
3RL7,G2841S,SINGLECOVBOND,1287
3RL7,G2841S,DOUBLECOVBOND,94
3RL7,G2841S,TRIPLECOVBOND,0
3RL7,G2841S,AROMATICBOND,0
3RL7,G2841S,HYDROPHOBICTETHER,86
3RL7,G2841S,SALTBRIDGE,0
3RL7,G2841S,IONICBOND,0
3RL7,G2841S,DISULFIDEBOND,0
3RL7,G2841S,USERDEFINEDBOND,0
3RL7,G2841S,CONECTRECORD,0
3RL7,G2841S,RBOND,95
3RL7,G2841S,UNKNOWN,0
3RL7,G2841S,UNKNOWN,0
3RL7,G2841S,UNKNOWN,0
3RL7,G2841G,HBOND,53
3RL7,G2841G,SINGLECOVBOND,1283
3RL7,G2841G,DOUBLECOVBOND,94
3RL7,G2841G,TRIPLECOVBOND,0
3RL7,G2841G,AROMATICBOND,0
3RL7,G2841G,HYDROPHOBICTETHER,77
3RL7,G2841G,SALTBRIDGE,0
3RL7,G2841G,IONICBOND,0
3RL7,G2841G,DISULFIDEBOND,0
3RL7,G2841G,USERDEFINEDBOND,0
3RL7,G2841G,CONECTRECORD,0
3RL7,G2841G,RBOND,95
3RL7,G2841G,UNKNOWN,0
3RL7,G2841G,UNKNOWN,0
3RL7,G2841G,UNKNOWN,0
3RL7,G2841M,HBOND,54
3RL7,G2841M,SINGLECOVBOND,1293
3RL7,G2841M,DOUBLECOVBOND,94
3RL7,G2841M,TRIPLECOVBOND,0
3RL7,G2841M,AROMATICBOND,0
3RL7,G2841M,HYDROPHOBICTETHER,77
3RL7,G2841M,SALTBRIDGE,0
3RL7,G2841M,IONICBOND,0
3RL7,G2841M,DISULFIDEBOND,0
3RL7,G2841M,USERDEFINEDBOND,0
3RL7,G2841M,CONECTRECORD,0
3RL7,G2841M,RBOND,95
3RL7,G2841M,UNKNOWN,0
3RL7,G2841M,UNKNOWN,0
3RL7,G2841M,UNKNOWN,0
3RL7,G2843R,HBOND,57
3RL7,G2843R,SINGLECOVBOND,1294
3RL7,G2843R,DOUBLECOVBOND,97
3RL7,G2843R,TRIPLECOVBOND,0
3RL7,G2843R,AROMATICBOND,0
3RL7,G2843R,HYDROPHOBICTETHER,86
3RL7,G2843R,SALTBRIDGE,0
3RL7,G2843R,IONICBOND,0
3RL7,G2843R,DISULFIDEBOND,0
3RL7,G2843R,USERDEFINEDBOND,0
3RL7,G2843R,CONECTRECORD,0
3RL7,G2843R,RBOND,95
3RL7,G2843R,UNKNOWN,0
3RL7,G2843R,UNKNOWN,0
3RL7,G2843R,UNKNOWN,0
3RL7,G2837H,HBOND,55
3RL7,G2837H,SINGLECOVBOND,1290
3RL7,G2837H,DOUBLECOVBOND,100
3RL7,G2837H,TRIPLECOVBOND,0
3RL7,G2837H,AROMATICBOND,0
3RL7,G2837H,HYDROPHOBICTETHER,80
3RL7,G2837H,SALTBRIDGE,0
3RL7,G2837H,IONICBOND,0
3RL7,G2837H,DISULFIDEBOND,0
3RL7,G2837H,USERDEFINEDBOND,0
3RL7,G2837H,CONECTRECORD,0
3RL7,G2837H,RBOND,95
3RL7,G2837H,UNKNOWN,0
3RL7,G2837H,UNKNOWN,0
3RL7,G2837H,UNKNOWN,0
3RL7,G2839F,HBOND,53
3RL7,G2839F,SINGLECOVBOND,1286
3RL7,G2839F,DOUBLECOVBOND,100
3RL7,G2839F,TRIPLECOVBOND,0
3RL7,G2839F,AROMATICBOND,0
3RL7,G2839F,HYDROPHOBICTETHER,82
3RL7,G2839F,SALTBRIDGE,0
3RL7,G2839F,IONICBOND,0
3RL7,G2839F,DISULFIDEBOND,0
3RL7,G2839F,USERDEFINEDBOND,0
3RL7,G2839F,CONECTRECORD,0
3RL7,G2839F,RBOND,95
3RL7,G2839F,UNKNOWN,0
3RL7,G2839F,UNKNOWN,0
3RL7,G2839F,UNKNOWN,0
3RL7,G2839R,HBOND,54
3RL7,G2839R,SINGLECOVBOND,1292
3RL7,G2839R,DOUBLECOVBOND,97
3RL7,G2839R,TRIPLECOVBOND,0
3RL7,G2839R,AROMATICBOND,0
3RL7,G2839R,HYDROPHOBICTETHER,83
3RL7,G2839R,SALTBRIDGE,0
3RL7,G2839R,IONICBOND,0
3RL7,G2839R,DISULFIDEBOND,0
3RL7,G2839R,USERDEFINEDBOND,0
3RL7,G2839R,CONECTRECORD,0
3RL7,G2839R,RBOND,95
3RL7,G2839R,UNKNOWN,0
3RL7,G2839R,UNKNOWN,0
3RL7,G2839R,UNKNOWN,0
3RL7,G2843L,HBOND,60
3RL7,G2843L,SINGLECOVBOND,1293
3RL7,G2843L,DOUBLECOVBOND,94
3RL7,G2843L,TRIPLECOVBOND,0
3RL7,G2843L,AROMATICBOND,0
3RL7,G2843L,HYDROPHOBICTETHER,75
3RL7,G2843L,SALTBRIDGE,0
3RL7,G2843L,IONICBOND,0
3RL7,G2843L,DISULFIDEBOND,0
3RL7,G2843L,USERDEFINEDBOND,0
3RL7,G2843L,CONECTRECORD,0
3RL7,G2843L,RBOND,95
3RL7,G2843L,UNKNOWN,0
3RL7,G2843L,UNKNOWN,0
3RL7,G2843L,UNKNOWN,0
3RL7,G2843F,HBOND,56
3RL7,G2843F,SINGLECOVBOND,1289
3RL7,G2843F,DOUBLECOVBOND,100
3RL7,G2843F,TRIPLECOVBOND,0
3RL7,G2843F,AROMATICBOND,0
3RL7,G2843F,HYDROPHOBICTETHER,82
3RL7,G2843F,SALTBRIDGE,0
3RL7,G2843F,IONICBOND,0
3RL7,G2843F,DISULFIDEBOND,0
3RL7,G2843F,USERDEFINEDBOND,0
3RL7,G2843F,CONECTRECORD,0
3RL7,G2843F,RBOND,95
3RL7,G2843F,UNKNOWN,0
3RL7,G2843F,UNKNOWN,0
3RL7,G2843F,UNKNOWN,0
3RL7,G2837V,HBOND,51
3RL7,G2837V,SINGLECOVBOND,1295
3RL7,G2837V,DOUBLECOVBOND,94
3RL7,G2837V,TRIPLECOVBOND,0
3RL7,G2837V,AROMATICBOND,0
3RL7,G2837V,HYDROPHOBICTETHER,79
3RL7,G2837V,SALTBRIDGE,0
3RL7,G2837V,IONICBOND,0
3RL7,G2837V,DISULFIDEBOND,0
3RL7,G2837V,USERDEFINEDBOND,0
3RL7,G2837V,CONECTRECORD,0
3RL7,G2837V,RBOND,95
3RL7,G2837V,UNKNOWN,0
3RL7,G2837V,UNKNOWN,0
3RL7,G2837V,UNKNOWN,0
3RL7,G2840P,HBOND,57
3RL7,G2840P,SINGLECOVBOND,1288
3RL7,G2840P,DOUBLECOVBOND,95
3RL7,G2840P,TRIPLECOVBOND,0
3RL7,G2840P,AROMATICBOND,0
3RL7,G2840P,HYDROPHOBICTETHER,84
3RL7,G2840P,SALTBRIDGE,0
3RL7,G2840P,IONICBOND,0
3RL7,G2840P,DISULFIDEBOND,0
3RL7,G2840P,USERDEFINEDBOND,0
3RL7,G2840P,CONECTRECORD,0
3RL7,G2840P,RBOND,95
3RL7,G2840P,UNKNOWN,0
3RL7,G2840P,UNKNOWN,0
3RL7,G2840P,UNKNOWN,0
3RL7,G2840N,HBOND,55
3RL7,G2840N,SINGLECOVBOND,1286
3RL7,G2840N,DOUBLECOVBOND,96
3RL7,G2840N,TRIPLECOVBOND,0
3RL7,G2840N,AROMATICBOND,0
3RL7,G2840N,HYDROPHOBICTETHER,75
3RL7,G2840N,SALTBRIDGE,0
3RL7,G2840N,IONICBOND,0
3RL7,G2840N,DISULFIDEBOND,0
3RL7,G2840N,USERDEFINEDBOND,0
3RL7,G2840N,CONECTRECORD,0
3RL7,G2840N,RBOND,95
3RL7,G2840N,UNKNOWN,0
3RL7,G2840N,UNKNOWN,0
3RL7,G2840N,UNKNOWN,0
3RL7,G2840D,HBOND,57
3RL7,G2840D,SINGLECOVBOND,1285
3RL7,G2840D,DOUBLECOVBOND,95
3RL7,G2840D,TRIPLECOVBOND,0
3RL7,G2840D,AROMATICBOND,0
3RL7,G2840D,HYDROPHOBICTETHER,82
3RL7,G2840D,SALTBRIDGE,0
3RL7,G2840D,IONICBOND,0
3RL7,G2840D,DISULFIDEBOND,0
3RL7,G2840D,USERDEFINEDBOND,0
3RL7,G2840D,CONECTRECORD,0
3RL7,G2840D,RBOND,95
3RL7,G2840D,UNKNOWN,0
3RL7,G2840D,UNKNOWN,0
3RL7,G2840D,UNKNOWN,0
3RL7,G2840I,HBOND,57
3RL7,G2840I,SINGLECOVBOND,1293
3RL7,G2840I,DOUBLECOVBOND,94
3RL7,G2840I,TRIPLECOVBOND,0
3RL7,G2840I,AROMATICBOND,0
3RL7,G2840I,HYDROPHOBICTETHER,87
3RL7,G2840I,SALTBRIDGE,0
3RL7,G2840I,IONICBOND,0
3RL7,G2840I,DISULFIDEBOND,0
3RL7,G2840I,USERDEFINEDBOND,0
3RL7,G2840I,CONECTRECORD,0
3RL7,G2840I,RBOND,95
3RL7,G2840I,UNKNOWN,0
3RL7,G2840I,UNKNOWN,0
3RL7,G2840I,UNKNOWN,0
3RL7,G2840C,HBOND,58
3RL7,G2840C,SINGLECOVBOND,1284
3RL7,G2840C,DOUBLECOVBOND,94
3RL7,G2840C,TRIPLECOVBOND,0
3RL7,G2840C,AROMATICBOND,0
3RL7,G2840C,HYDROPHOBICTETHER,81
3RL7,G2840C,SALTBRIDGE,0
3RL7,G2840C,IONICBOND,0
3RL7,G2840C,DISULFIDEBOND,0
3RL7,G2840C,USERDEFINEDBOND,0
3RL7,G2840C,CONECTRECORD,0
3RL7,G2840C,RBOND,95
3RL7,G2840C,UNKNOWN,0
3RL7,G2840C,UNKNOWN,0
3RL7,G2840C,UNKNOWN,0
3RL7,G2840W,HBOND,51
3RL7,G2840W,SINGLECOVBOND,1290
3RL7,G2840W,DOUBLECOVBOND,104
3RL7,G2840W,TRIPLECOVBOND,0
3RL7,G2840W,AROMATICBOND,0
3RL7,G2840W,HYDROPHOBICTETHER,97
3RL7,G2840W,SALTBRIDGE,0
3RL7,G2840W,IONICBOND,0
3RL7,G2840W,DISULFIDEBOND,0
3RL7,G2840W,USERDEFINEDBOND,0
3RL7,G2840W,CONECTRECORD,0
3RL7,G2840W,RBOND,95
3RL7,G2840W,UNKNOWN,0
3RL7,G2840W,UNKNOWN,0
3RL7,G2840W,UNKNOWN,0
3RL7,G2843K,HBOND,59
3RL7,G2843K,SINGLECOVBOND,1296
3RL7,G2843K,DOUBLECOVBOND,94
3RL7,G2843K,TRIPLECOVBOND,0
3RL7,G2843K,AROMATICBOND,0
3RL7,G2843K,HYDROPHOBICTETHER,70
3RL7,G2843K,SALTBRIDGE,0
3RL7,G2843K,IONICBOND,0
3RL7,G2843K,DISULFIDEBOND,0
3RL7,G2843K,USERDEFINEDBOND,0
3RL7,G2843K,CONECTRECORD,0
3RL7,G2843K,RBOND,95
3RL7,G2843K,UNKNOWN,0
3RL7,G2843K,UNKNOWN,0
3RL7,G2843K,UNKNOWN,0
3RL7,G2843A,HBOND,55
3RL7,G2843A,SINGLECOVBOND,1284
3RL7,G2843A,DOUBLECOVBOND,94
3RL7,G2843A,TRIPLECOVBOND,0
3RL7,G2843A,AROMATICBOND,0
3RL7,G2843A,HYDROPHOBICTETHER,80
3RL7,G2843A,SALTBRIDGE,0
3RL7,G2843A,IONICBOND,0
3RL7,G2843A,DISULFIDEBOND,0
3RL7,G2843A,USERDEFINEDBOND,0
3RL7,G2843A,CONECTRECORD,0
3RL7,G2843A,RBOND,95
3RL7,G2843A,UNKNOWN,0
3RL7,G2843A,UNKNOWN,0
3RL7,G2843A,UNKNOWN,0
3RL7,G2837Q,HBOND,52
3RL7,G2837Q,SINGLECOVBOND,1294
3RL7,G2837Q,DOUBLECOVBOND,96
3RL7,G2837Q,TRIPLECOVBOND,0
3RL7,G2837Q,AROMATICBOND,0
3RL7,G2837Q,HYDROPHOBICTETHER,89
3RL7,G2837Q,SALTBRIDGE,0
3RL7,G2837Q,IONICBOND,0
3RL7,G2837Q,DISULFIDEBOND,0
3RL7,G2837Q,USERDEFINEDBOND,0
3RL7,G2837Q,CONECTRECORD,0
3RL7,G2837Q,RBOND,95
3RL7,G2837Q,UNKNOWN,0
3RL7,G2837Q,UNKNOWN,0
3RL7,G2837Q,UNKNOWN,0
3RL7,G2839K,HBOND,54
3RL7,G2839K,SINGLECOVBOND,1293
3RL7,G2839K,DOUBLECOVBOND,94
3RL7,G2839K,TRIPLECOVBOND,0
3RL7,G2839K,AROMATICBOND,0
3RL7,G2839K,HYDROPHOBICTETHER,82
3RL7,G2839K,SALTBRIDGE,0
3RL7,G2839K,IONICBOND,0
3RL7,G2839K,DISULFIDEBOND,0
3RL7,G2839K,USERDEFINEDBOND,0
3RL7,G2839K,CONECTRECORD,0
3RL7,G2839K,RBOND,95
3RL7,G2839K,UNKNOWN,0
3RL7,G2839K,UNKNOWN,0
3RL7,G2839K,UNKNOWN,0
3RL7,G2837E,HBOND,58
3RL7,G2837E,SINGLECOVBOND,1293
3RL7,G2837E,DOUBLECOVBOND,95
3RL7,G2837E,TRIPLECOVBOND,0
3RL7,G2837E,AROMATICBOND,0
3RL7,G2837E,HYDROPHOBICTETHER,76
3RL7,G2837E,SALTBRIDGE,0
3RL7,G2837E,IONICBOND,0
3RL7,G2837E,DISULFIDEBOND,0
3RL7,G2837E,USERDEFINEDBOND,0
3RL7,G2837E,CONECTRECORD,0
3RL7,G2837E,RBOND,95
3RL7,G2837E,UNKNOWN,0
3RL7,G2837E,UNKNOWN,0
3RL7,G2837E,UNKNOWN,0
3RL7,G2839A,HBOND,56
3RL7,G2839A,SINGLECOVBOND,1281
3RL7,G2839A,DOUBLECOVBOND,94
3RL7,G2839A,TRIPLECOVBOND,0
3RL7,G2839A,AROMATICBOND,0
3RL7,G2839A,HYDROPHOBICTETHER,77
3RL7,G2839A,SALTBRIDGE,0
3RL7,G2839A,IONICBOND,0
3RL7,G2839A,DISULFIDEBOND,0
3RL7,G2839A,USERDEFINEDBOND,0
3RL7,G2839A,CONECTRECORD,0
3RL7,G2839A,RBOND,95
3RL7,G2839A,UNKNOWN,0
3RL7,G2839A,UNKNOWN,0
3RL7,G2839A,UNKNOWN,0
3RL7,G2842H,HBOND,55
3RL7,G2842H,SINGLECOVBOND,1290
3RL7,G2842H,DOUBLECOVBOND,100
3RL7,G2842H,TRIPLECOVBOND,0
3RL7,G2842H,AROMATICBOND,0
3RL7,G2842H,HYDROPHOBICTETHER,74
3RL7,G2842H,SALTBRIDGE,0
3RL7,G2842H,IONICBOND,0
3RL7,G2842H,DISULFIDEBOND,0
3RL7,G2842H,USERDEFINEDBOND,0
3RL7,G2842H,CONECTRECORD,0
3RL7,G2842H,RBOND,95
3RL7,G2842H,UNKNOWN,0
3RL7,G2842H,UNKNOWN,0
3RL7,G2842H,UNKNOWN,0
3RL7,G2838V,HBOND,58
3RL7,G2838V,SINGLECOVBOND,1290
3RL7,G2838V,DOUBLECOVBOND,88
3RL7,G2838V,TRIPLECOVBOND,0
3RL7,G2838V,AROMATICBOND,0
3RL7,G2838V,HYDROPHOBICTETHER,74
3RL7,G2838V,SALTBRIDGE,0
3RL7,G2838V,IONICBOND,0
3RL7,G2838V,DISULFIDEBOND,0
3RL7,G2838V,USERDEFINEDBOND,0
3RL7,G2838V,CONECTRECORD,0
3RL7,G2838V,RBOND,95
3RL7,G2838V,UNKNOWN,0
3RL7,G2838V,UNKNOWN,0
3RL7,G2838V,UNKNOWN,0
3RL7,G2838H,HBOND,56
3RL7,G2838H,SINGLECOVBOND,1285
3RL7,G2838H,DOUBLECOVBOND,94
3RL7,G2838H,TRIPLECOVBOND,0
3RL7,G2838H,AROMATICBOND,0
3RL7,G2838H,HYDROPHOBICTETHER,80
3RL7,G2838H,SALTBRIDGE,0
3RL7,G2838H,IONICBOND,0
3RL7,G2838H,DISULFIDEBOND,0
3RL7,G2838H,USERDEFINEDBOND,0
3RL7,G2838H,CONECTRECORD,0
3RL7,G2838H,RBOND,95
3RL7,G2838H,UNKNOWN,0
3RL7,G2838H,UNKNOWN,0
3RL7,G2838H,UNKNOWN,0
3RL7,G2842V,HBOND,54
3RL7,G2842V,SINGLECOVBOND,1295
3RL7,G2842V,DOUBLECOVBOND,94
3RL7,G2842V,TRIPLECOVBOND,0
3RL7,G2842V,AROMATICBOND,0
3RL7,G2842V,HYDROPHOBICTETHER,76
3RL7,G2842V,SALTBRIDGE,0
3RL7,G2842V,IONICBOND,0
3RL7,G2842V,DISULFIDEBOND,0
3RL7,G2842V,USERDEFINEDBOND,0
3RL7,G2842V,CONECTRECORD,0
3RL7,G2842V,RBOND,95
3RL7,G2842V,UNKNOWN,0
3RL7,G2842V,UNKNOWN,0
3RL7,G2842V,UNKNOWN,0
3RL7,G2838R,HBOND,55
3RL7,G2838R,SINGLECOVBOND,1295
3RL7,G2838R,DOUBLECOVBOND,91
3RL7,G2838R,TRIPLECOVBOND,0
3RL7,G2838R,AROMATICBOND,0
3RL7,G2838R,HYDROPHOBICTETHER,80
3RL7,G2838R,SALTBRIDGE,0
3RL7,G2838R,IONICBOND,0
3RL7,G2838R,DISULFIDEBOND,0
3RL7,G2838R,USERDEFINEDBOND,0
3RL7,G2838R,CONECTRECORD,0
3RL7,G2838R,RBOND,95
3RL7,G2838R,UNKNOWN,0
3RL7,G2838R,UNKNOWN,0
3RL7,G2838R,UNKNOWN,0
3RL7,G2842L,HBOND,55
3RL7,G2842L,SINGLECOVBOND,1298
3RL7,G2842L,DOUBLECOVBOND,94
3RL7,G2842L,TRIPLECOVBOND,0
3RL7,G2842L,AROMATICBOND,0
3RL7,G2842L,HYDROPHOBICTETHER,87
3RL7,G2842L,SALTBRIDGE,0
3RL7,G2842L,IONICBOND,0
3RL7,G2842L,DISULFIDEBOND,0
3RL7,G2842L,USERDEFINEDBOND,0
3RL7,G2842L,CONECTRECORD,0
3RL7,G2842L,RBOND,95
3RL7,G2842L,UNKNOWN,0
3RL7,G2842L,UNKNOWN,0
3RL7,G2842L,UNKNOWN,0
3RL7,G2842F,HBOND,55
3RL7,G2842F,SINGLECOVBOND,1294
3RL7,G2842F,DOUBLECOVBOND,100
3RL7,G2842F,TRIPLECOVBOND,0
3RL7,G2842F,AROMATICBOND,0
3RL7,G2842F,HYDROPHOBICTETHER,75
3RL7,G2842F,SALTBRIDGE,0
3RL7,G2842F,IONICBOND,0
3RL7,G2842F,DISULFIDEBOND,0
3RL7,G2842F,USERDEFINEDBOND,0
3RL7,G2842F,CONECTRECORD,0
3RL7,G2842F,RBOND,95
3RL7,G2842F,UNKNOWN,0
3RL7,G2842F,UNKNOWN,0
3RL7,G2842F,UNKNOWN,0
3RL7,G2842R,HBOND,56
3RL7,G2842R,SINGLECOVBOND,1300
3RL7,G2842R,DOUBLECOVBOND,97
3RL7,G2842R,TRIPLECOVBOND,0
3RL7,G2842R,AROMATICBOND,0
3RL7,G2842R,HYDROPHOBICTETHER,76
3RL7,G2842R,SALTBRIDGE,0
3RL7,G2842R,IONICBOND,0
3RL7,G2842R,DISULFIDEBOND,0
3RL7,G2842R,USERDEFINEDBOND,0
3RL7,G2842R,CONECTRECORD,0
3RL7,G2842R,RBOND,95
3RL7,G2842R,UNKNOWN,0
3RL7,G2842R,UNKNOWN,0
3RL7,G2842R,UNKNOWN,0
3RL7,G2838L,HBOND,56
3RL7,G2838L,SINGLECOVBOND,1293
3RL7,G2838L,DOUBLECOVBOND,88
3RL7,G2838L,TRIPLECOVBOND,0
3RL7,G2838L,AROMATICBOND,0
3RL7,G2838L,HYDROPHOBICTETHER,76
3RL7,G2838L,SALTBRIDGE,0
3RL7,G2838L,IONICBOND,0
3RL7,G2838L,DISULFIDEBOND,0
3RL7,G2838L,USERDEFINEDBOND,0
3RL7,G2838L,CONECTRECORD,0
3RL7,G2838L,RBOND,95
3RL7,G2838L,UNKNOWN,0
3RL7,G2838L,UNKNOWN,0
3RL7,G2838L,UNKNOWN,0
3RL7,G2838F,HBOND,53
3RL7,G2838F,SINGLECOVBOND,1289
3RL7,G2838F,DOUBLECOVBOND,94
3RL7,G2838F,TRIPLECOVBOND,0
3RL7,G2838F,AROMATICBOND,0
3RL7,G2838F,HYDROPHOBICTETHER,80
3RL7,G2838F,SALTBRIDGE,0
3RL7,G2838F,IONICBOND,0
3RL7,G2838F,DISULFIDEBOND,0
3RL7,G2838F,USERDEFINEDBOND,0
3RL7,G2838F,CONECTRECORD,0
3RL7,G2838F,RBOND,95
3RL7,G2838F,UNKNOWN,0
3RL7,G2838F,UNKNOWN,0
3RL7,G2838F,UNKNOWN,0
3RL7,G2841N,HBOND,55
3RL7,G2841N,SINGLECOVBOND,1287
3RL7,G2841N,DOUBLECOVBOND,96
3RL7,G2841N,TRIPLECOVBOND,0
3RL7,G2841N,AROMATICBOND,0
3RL7,G2841N,HYDROPHOBICTETHER,81
3RL7,G2841N,SALTBRIDGE,0
3RL7,G2841N,IONICBOND,0
3RL7,G2841N,DISULFIDEBOND,0
3RL7,G2841N,USERDEFINEDBOND,0
3RL7,G2841N,CONECTRECORD,0
3RL7,G2841N,RBOND,95
3RL7,G2841N,UNKNOWN,0
3RL7,G2841N,UNKNOWN,0
3RL7,G2841N,UNKNOWN,0
3RL7,G2841D,HBOND,53
3RL7,G2841D,SINGLECOVBOND,1287
3RL7,G2841D,DOUBLECOVBOND,95
3RL7,G2841D,TRIPLECOVBOND,0
3RL7,G2841D,AROMATICBOND,0
3RL7,G2841D,HYDROPHOBICTETHER,75
3RL7,G2841D,SALTBRIDGE,0
3RL7,G2841D,IONICBOND,0
3RL7,G2841D,DISULFIDEBOND,0
3RL7,G2841D,USERDEFINEDBOND,0
3RL7,G2841D,CONECTRECORD,0
3RL7,G2841D,RBOND,95
3RL7,G2841D,UNKNOWN,0
3RL7,G2841D,UNKNOWN,0
3RL7,G2841D,UNKNOWN,0
3RL7,G2841P,HBOND,49
3RL7,G2841P,SINGLECOVBOND,1290
3RL7,G2841P,DOUBLECOVBOND,95
3RL7,G2841P,TRIPLECOVBOND,0
3RL7,G2841P,AROMATICBOND,0
3RL7,G2841P,HYDROPHOBICTETHER,77
3RL7,G2841P,SALTBRIDGE,0
3RL7,G2841P,IONICBOND,0
3RL7,G2841P,DISULFIDEBOND,0
3RL7,G2841P,USERDEFINEDBOND,0
3RL7,G2841P,CONECTRECORD,0
3RL7,G2841P,RBOND,95
3RL7,G2841P,UNKNOWN,0
3RL7,G2841P,UNKNOWN,0
3RL7,G2841P,UNKNOWN,0
3RL7,G2843E,HBOND,54
3RL7,G2843E,SINGLECOVBOND,1288
3RL7,G2843E,DOUBLECOVBOND,95
3RL7,G2843E,TRIPLECOVBOND,0
3RL7,G2843E,AROMATICBOND,0
3RL7,G2843E,HYDROPHOBICTETHER,82
3RL7,G2843E,SALTBRIDGE,0
3RL7,G2843E,IONICBOND,0
3RL7,G2843E,DISULFIDEBOND,0
3RL7,G2843E,USERDEFINEDBOND,0
3RL7,G2843E,CONECTRECORD,0
3RL7,G2843E,RBOND,95
3RL7,G2843E,UNKNOWN,0
3RL7,G2843E,UNKNOWN,0
3RL7,G2843E,UNKNOWN,0
3RL7,G2839Q,HBOND,54
3RL7,G2839Q,SINGLECOVBOND,1286
3RL7,G2839Q,DOUBLECOVBOND,96
3RL7,G2839Q,TRIPLECOVBOND,0
3RL7,G2839Q,AROMATICBOND,0
3RL7,G2839Q,HYDROPHOBICTETHER,80
3RL7,G2839Q,SALTBRIDGE,0
3RL7,G2839Q,IONICBOND,0
3RL7,G2839Q,DISULFIDEBOND,0
3RL7,G2839Q,USERDEFINEDBOND,0
3RL7,G2839Q,CONECTRECORD,0
3RL7,G2839Q,RBOND,95
3RL7,G2839Q,UNKNOWN,0
3RL7,G2839Q,UNKNOWN,0
3RL7,G2839Q,UNKNOWN,0
3RL7,G2837K,HBOND,55
3RL7,G2837K,SINGLECOVBOND,1301
3RL7,G2837K,DOUBLECOVBOND,94
3RL7,G2837K,TRIPLECOVBOND,0
3RL7,G2837K,AROMATICBOND,0
3RL7,G2837K,HYDROPHOBICTETHER,89
3RL7,G2837K,SALTBRIDGE,0
3RL7,G2837K,IONICBOND,0
3RL7,G2837K,DISULFIDEBOND,0
3RL7,G2837K,USERDEFINEDBOND,0
3RL7,G2837K,CONECTRECORD,0
3RL7,G2837K,RBOND,95
3RL7,G2837K,UNKNOWN,0
3RL7,G2837K,UNKNOWN,0
3RL7,G2837K,UNKNOWN,0
3RL7,G2839E,HBOND,57
3RL7,G2839E,SINGLECOVBOND,1285
3RL7,G2839E,DOUBLECOVBOND,95
3RL7,G2839E,TRIPLECOVBOND,0
3RL7,G2839E,AROMATICBOND,0
3RL7,G2839E,HYDROPHOBICTETHER,83
3RL7,G2839E,SALTBRIDGE,0
3RL7,G2839E,IONICBOND,0
3RL7,G2839E,DISULFIDEBOND,0
3RL7,G2839E,USERDEFINEDBOND,0
3RL7,G2839E,CONECTRECORD,0
3RL7,G2839E,RBOND,95
3RL7,G2839E,UNKNOWN,0
3RL7,G2839E,UNKNOWN,0
3RL7,G2839E,UNKNOWN,0
3RL7,G2837A,HBOND,54
3RL7,G2837A,SINGLECOVBOND,1289
3RL7,G2837A,DOUBLECOVBOND,94
3RL7,G2837A,TRIPLECOVBOND,0
3RL7,G2837A,AROMATICBOND,0
3RL7,G2837A,HYDROPHOBICTETHER,81
3RL7,G2837A,SALTBRIDGE,0
3RL7,G2837A,IONICBOND,0
3RL7,G2837A,DISULFIDEBOND,0
3RL7,G2837A,USERDEFINEDBOND,0
3RL7,G2837A,CONECTRECORD,0
3RL7,G2837A,RBOND,95
3RL7,G2837A,UNKNOWN,0
3RL7,G2837A,UNKNOWN,0
3RL7,G2837A,UNKNOWN,0
3RL7,G2843Q,HBOND,55
3RL7,G2843Q,SINGLECOVBOND,1289
3RL7,G2843Q,DOUBLECOVBOND,96
3RL7,G2843Q,TRIPLECOVBOND,0
3RL7,G2843Q,AROMATICBOND,0
3RL7,G2843Q,HYDROPHOBICTETHER,80
3RL7,G2843Q,SALTBRIDGE,0
3RL7,G2843Q,IONICBOND,0
3RL7,G2843Q,DISULFIDEBOND,0
3RL7,G2843Q,USERDEFINEDBOND,0
3RL7,G2843Q,CONECTRECORD,0
3RL7,G2843Q,RBOND,95
3RL7,G2843Q,UNKNOWN,0
3RL7,G2843Q,UNKNOWN,0
3RL7,G2843Q,UNKNOWN,0
3RL7,G2840G,HBOND,56
3RL7,G2840G,SINGLECOVBOND,1281
3RL7,G2840G,DOUBLECOVBOND,94
3RL7,G2840G,TRIPLECOVBOND,0
3RL7,G2840G,AROMATICBOND,0
3RL7,G2840G,HYDROPHOBICTETHER,75
3RL7,G2840G,SALTBRIDGE,0
3RL7,G2840G,IONICBOND,0
3RL7,G2840G,DISULFIDEBOND,0
3RL7,G2840G,USERDEFINEDBOND,0
3RL7,G2840G,CONECTRECORD,0
3RL7,G2840G,RBOND,95
3RL7,G2840G,UNKNOWN,0
3RL7,G2840G,UNKNOWN,0
3RL7,G2840G,UNKNOWN,0
3RL7,G2840M,HBOND,55
3RL7,G2840M,SINGLECOVBOND,1291
3RL7,G2840M,DOUBLECOVBOND,94
3RL7,G2840M,TRIPLECOVBOND,0
3RL7,G2840M,AROMATICBOND,0
3RL7,G2840M,HYDROPHOBICTETHER,85
3RL7,G2840M,SALTBRIDGE,0
3RL7,G2840M,IONICBOND,0
3RL7,G2840M,DISULFIDEBOND,0
3RL7,G2840M,USERDEFINEDBOND,0
3RL7,G2840M,CONECTRECORD,0
3RL7,G2840M,RBOND,95
3RL7,G2840M,UNKNOWN,0
3RL7,G2840M,UNKNOWN,0
3RL7,G2840M,UNKNOWN,0
3RL7,G2840Y,HBOND,57
3RL7,G2840Y,SINGLECOVBOND,1290
3RL7,G2840Y,DOUBLECOVBOND,100
3RL7,G2840Y,TRIPLECOVBOND,0
3RL7,G2840Y,AROMATICBOND,0
3RL7,G2840Y,HYDROPHOBICTETHER,82
3RL7,G2840Y,SALTBRIDGE,0
3RL7,G2840Y,IONICBOND,0
3RL7,G2840Y,DISULFIDEBOND,0
3RL7,G2840Y,USERDEFINEDBOND,0
3RL7,G2840Y,CONECTRECORD,0
3RL7,G2840Y,RBOND,95
3RL7,G2840Y,UNKNOWN,0
3RL7,G2840Y,UNKNOWN,0
3RL7,G2840Y,UNKNOWN,0
3RL7,G2840S,HBOND,55
3RL7,G2840S,SINGLECOVBOND,1285
3RL7,G2840S,DOUBLECOVBOND,94
3RL7,G2840S,TRIPLECOVBOND,0
3RL7,G2840S,AROMATICBOND,0
3RL7,G2840S,HYDROPHOBICTETHER,81
3RL7,G2840S,SALTBRIDGE,0
3RL7,G2840S,IONICBOND,0
3RL7,G2840S,DISULFIDEBOND,0
3RL7,G2840S,USERDEFINEDBOND,0
3RL7,G2840S,CONECTRECORD,0
3RL7,G2840S,RBOND,95
3RL7,G2840S,UNKNOWN,0
3RL7,G2840S,UNKNOWN,0
3RL7,G2840S,UNKNOWN,0
3RL7,G2840T,HBOND,57
3RL7,G2840T,SINGLECOVBOND,1288
3RL7,G2840T,DOUBLECOVBOND,94
3RL7,G2840T,TRIPLECOVBOND,0
3RL7,G2840T,AROMATICBOND,0
3RL7,G2840T,HYDROPHOBICTETHER,81
3RL7,G2840T,SALTBRIDGE,0
3RL7,G2840T,IONICBOND,0
3RL7,G2840T,DISULFIDEBOND,0
3RL7,G2840T,USERDEFINEDBOND,0
3RL7,G2840T,CONECTRECORD,0
3RL7,G2840T,RBOND,95
3RL7,G2840T,UNKNOWN,0
3RL7,G2840T,UNKNOWN,0
3RL7,G2840T,UNKNOWN,0
3RL7,G2837L,HBOND,54
3RL7,G2837L,SINGLECOVBOND,1297
3RL7,G2837L,DOUBLECOVBOND,94
3RL7,G2837L,TRIPLECOVBOND,0
3RL7,G2837L,AROMATICBOND,0
3RL7,G2837L,HYDROPHOBICTETHER,79
3RL7,G2837L,SALTBRIDGE,0
3RL7,G2837L,IONICBOND,0
3RL7,G2837L,DISULFIDEBOND,0
3RL7,G2837L,USERDEFINEDBOND,0
3RL7,G2837L,CONECTRECORD,0
3RL7,G2837L,RBOND,95
3RL7,G2837L,UNKNOWN,0
3RL7,G2837L,UNKNOWN,0
3RL7,G2837L,UNKNOWN,0
3RL7,G2839H,HBOND,56
3RL7,G2839H,SINGLECOVBOND,1282
3RL7,G2839H,DOUBLECOVBOND,100
3RL7,G2839H,TRIPLECOVBOND,0
3RL7,G2839H,AROMATICBOND,0
3RL7,G2839H,HYDROPHOBICTETHER,84
3RL7,G2839H,SALTBRIDGE,0
3RL7,G2839H,IONICBOND,0
3RL7,G2839H,DISULFIDEBOND,0
3RL7,G2839H,USERDEFINEDBOND,0
3RL7,G2839H,CONECTRECORD,0
3RL7,G2839H,RBOND,95
3RL7,G2839H,UNKNOWN,0
3RL7,G2839H,UNKNOWN,0
3RL7,G2839H,UNKNOWN,0
3RL7,G2837F,HBOND,55
3RL7,G2837F,SINGLECOVBOND,1294
3RL7,G2837F,DOUBLECOVBOND,100
3RL7,G2837F,TRIPLECOVBOND,0
3RL7,G2837F,AROMATICBOND,0
3RL7,G2837F,HYDROPHOBICTETHER,84
3RL7,G2837F,SALTBRIDGE,0
3RL7,G2837F,IONICBOND,0
3RL7,G2837F,DISULFIDEBOND,0
3RL7,G2837F,USERDEFINEDBOND,0
3RL7,G2837F,CONECTRECORD,0
3RL7,G2837F,RBOND,95
3RL7,G2837F,UNKNOWN,0
3RL7,G2837F,UNKNOWN,0
3RL7,G2837F,UNKNOWN,0
3RL7,G2837R,HBOND,55
3RL7,G2837R,SINGLECOVBOND,1300
3RL7,G2837R,DOUBLECOVBOND,97
3RL7,G2837R,TRIPLECOVBOND,0
3RL7,G2837R,AROMATICBOND,0
3RL7,G2837R,HYDROPHOBICTETHER,90
3RL7,G2837R,SALTBRIDGE,0
3RL7,G2837R,IONICBOND,0
3RL7,G2837R,DISULFIDEBOND,0
3RL7,G2837R,USERDEFINEDBOND,0
3RL7,G2837R,CONECTRECORD,0
3RL7,G2837R,RBOND,95
3RL7,G2837R,UNKNOWN,0
3RL7,G2837R,UNKNOWN,0
3RL7,G2837R,UNKNOWN,0
3RL7,G2843H,HBOND,60
3RL7,G2843H,SINGLECOVBOND,1284
3RL7,G2843H,DOUBLECOVBOND,100
3RL7,G2843H,TRIPLECOVBOND,0
3RL7,G2843H,AROMATICBOND,0
3RL7,G2843H,HYDROPHOBICTETHER,67
3RL7,G2843H,SALTBRIDGE,0
3RL7,G2843H,IONICBOND,0
3RL7,G2843H,DISULFIDEBOND,0
3RL7,G2843H,USERDEFINEDBOND,0
3RL7,G2843H,CONECTRECORD,0
3RL7,G2843H,RBOND,95
3RL7,G2843H,UNKNOWN,0
3RL7,G2843H,UNKNOWN,0
3RL7,G2843H,UNKNOWN,0
3RL7,G2839V,HBOND,54
3RL7,G2839V,SINGLECOVBOND,1287
3RL7,G2839V,DOUBLECOVBOND,94
3RL7,G2839V,TRIPLECOVBOND,0
3RL7,G2839V,AROMATICBOND,0
3RL7,G2839V,HYDROPHOBICTETHER,76
3RL7,G2839V,SALTBRIDGE,0
3RL7,G2839V,IONICBOND,0
3RL7,G2839V,DISULFIDEBOND,0
3RL7,G2839V,USERDEFINEDBOND,0
3RL7,G2839V,CONECTRECORD,0
3RL7,G2839V,RBOND,95
3RL7,G2839V,UNKNOWN,0
3RL7,G2839V,UNKNOWN,0
3RL7,G2839V,UNKNOWN,0
3RL7,G2841W,HBOND,55
3RL7,G2841W,SINGLECOVBOND,1292
3RL7,G2841W,DOUBLECOVBOND,104
3RL7,G2841W,TRIPLECOVBOND,0
3RL7,G2841W,AROMATICBOND,0
3RL7,G2841W,HYDROPHOBICTETHER,85
3RL7,G2841W,SALTBRIDGE,0
3RL7,G2841W,IONICBOND,0
3RL7,G2841W,DISULFIDEBOND,0
3RL7,G2841W,USERDEFINEDBOND,0
3RL7,G2841W,CONECTRECORD,0
3RL7,G2841W,RBOND,95
3RL7,G2841W,UNKNOWN,0
3RL7,G2841W,UNKNOWN,0
3RL7,G2841W,UNKNOWN,0
3RL7,G2841I,HBOND,54
3RL7,G2841I,SINGLECOVBOND,1295
3RL7,G2841I,DOUBLECOVBOND,94
3RL7,G2841I,TRIPLECOVBOND,0
3RL7,G2841I,AROMATICBOND,0
3RL7,G2841I,HYDROPHOBICTETHER,80
3RL7,G2841I,SALTBRIDGE,0
3RL7,G2841I,IONICBOND,0
3RL7,G2841I,DISULFIDEBOND,0
3RL7,G2841I,USERDEFINEDBOND,0
3RL7,G2841I,CONECTRECORD,0
3RL7,G2841I,RBOND,95
3RL7,G2841I,UNKNOWN,0
3RL7,G2841I,UNKNOWN,0
3RL7,G2841I,UNKNOWN,0
3RL7,G2841C,HBOND,54
3RL7,G2841C,SINGLECOVBOND,1287
3RL7,G2841C,DOUBLECOVBOND,94
3RL7,G2841C,TRIPLECOVBOND,0
3RL7,G2841C,AROMATICBOND,0
3RL7,G2841C,HYDROPHOBICTETHER,87
3RL7,G2841C,SALTBRIDGE,0
3RL7,G2841C,IONICBOND,0
3RL7,G2841C,DISULFIDEBOND,0
3RL7,G2841C,USERDEFINEDBOND,0
3RL7,G2841C,CONECTRECORD,0
3RL7,G2841C,RBOND,95
3RL7,G2841C,UNKNOWN,0
3RL7,G2841C,UNKNOWN,0
3RL7,G2841C,UNKNOWN,0
3RL7,G2838K,HBOND,57
3RL7,G2838K,SINGLECOVBOND,1296
3RL7,G2838K,DOUBLECOVBOND,88
3RL7,G2838K,TRIPLECOVBOND,0
3RL7,G2838K,AROMATICBOND,0
3RL7,G2838K,HYDROPHOBICTETHER,82
3RL7,G2838K,SALTBRIDGE,0
3RL7,G2838K,IONICBOND,0
3RL7,G2838K,DISULFIDEBOND,0
3RL7,G2838K,USERDEFINEDBOND,0
3RL7,G2838K,CONECTRECORD,0
3RL7,G2838K,RBOND,95
3RL7,G2838K,UNKNOWN,0
3RL7,G2838K,UNKNOWN,0
3RL7,G2838K,UNKNOWN,0
3RL7,G2838A,HBOND,54
3RL7,G2838A,SINGLECOVBOND,1284
3RL7,G2838A,DOUBLECOVBOND,88
3RL7,G2838A,TRIPLECOVBOND,0
3RL7,G2838A,AROMATICBOND,0
3RL7,G2838A,HYDROPHOBICTETHER,75
3RL7,G2838A,SALTBRIDGE,0
3RL7,G2838A,IONICBOND,0
3RL7,G2838A,DISULFIDEBOND,0
3RL7,G2838A,USERDEFINEDBOND,0
3RL7,G2838A,CONECTRECORD,0
3RL7,G2838A,RBOND,95
3RL7,G2838A,UNKNOWN,0
3RL7,G2838A,UNKNOWN,0
3RL7,G2838A,UNKNOWN,0
3RL7,G2842K,HBOND,57
3RL7,G2842K,SINGLECOVBOND,1301
3RL7,G2842K,DOUBLECOVBOND,94
3RL7,G2842K,TRIPLECOVBOND,0
3RL7,G2842K,AROMATICBOND,0
3RL7,G2842K,HYDROPHOBICTETHER,83
3RL7,G2842K,SALTBRIDGE,0
3RL7,G2842K,IONICBOND,0
3RL7,G2842K,DISULFIDEBOND,0
3RL7,G2842K,USERDEFINEDBOND,0
3RL7,G2842K,CONECTRECORD,0
3RL7,G2842K,RBOND,95
3RL7,G2842K,UNKNOWN,0
3RL7,G2842K,UNKNOWN,0
3RL7,G2842K,UNKNOWN,0
3RL7,G2842A,HBOND,55
3RL7,G2842A,SINGLECOVBOND,1289
3RL7,G2842A,DOUBLECOVBOND,94
3RL7,G2842A,TRIPLECOVBOND,0
3RL7,G2842A,AROMATICBOND,0
3RL7,G2842A,HYDROPHOBICTETHER,81
3RL7,G2842A,SALTBRIDGE,0
3RL7,G2842A,IONICBOND,0
3RL7,G2842A,DISULFIDEBOND,0
3RL7,G2842A,USERDEFINEDBOND,0
3RL7,G2842A,CONECTRECORD,0
3RL7,G2842A,RBOND,95
3RL7,G2842A,UNKNOWN,0
3RL7,G2842A,UNKNOWN,0
3RL7,G2842A,UNKNOWN,0
